timestamp,node_id,node_type,retail_inventory,capacity,stock_ratio,safety_stock,above_safety_stock,sales_rate,expected_sales_rate,sales_vs_expected,shortage_duration,demand_estimate,reorder_request,stockout_flag,disrupted
2026-01-01 06:00,retail_1,retail,81.7,150,0.545,30,1,8.45,10.0,0.845,0.0,98.2,0.0,0,0
2026-01-01 06:45,retail_1,retail,71.8,150,0.479,30,1,13.14,10.0,1.314,0.0,90.0,0.0,0,0
2026-01-01 07:30,retail_1,retail,63.4,150,0.423,30,1,11.18,10.0,1.118,0.0,88.3,0.0,0,0
2026-01-01 08:15,retail_1,retail,54.8,150,0.365,30,1,11.54,10.0,1.154,0.0,86.5,0.0,0,0
2026-01-01 09:00,retail_1,retail,45.0,150,0.3,30,1,13.07,10.0,1.307,0.0,86.7,0.0,0,0
2026-01-01 09:45,retail_1,retail,34.9,150,0.233,30,1,13.47,10.0,1.347,0.0,77.4,0.0,0,0
2026-01-01 10:30,retail_1,retail,27.7,150,0.185,30,0,9.6,10.0,0.96,0.0,91.0,49.0,0,0
2026-01-01 11:15,retail_1,retail,22.5,150,0.15,30,0,6.85,10.0,0.685,0.0,88.7,49.0,0,0
2026-01-01 12:00,retail_1,retail,15.1,150,0.101,30,0,9.84,10.0,0.984,0.0,94.6,52.0,0,0
2026-01-01 12:45,retail_1,retail,9.5,150,0.063,30,0,7.54,10.0,0.754,0.0,89.7,56.0,0,0
2026-01-01 13:30,retail_1,retail,5.3,150,0.035,30,0,5.61,10.0,0.561,0.0,87.8,52.0,0,0
2026-01-01 14:15,retail_1,retail,41.9,150,0.279,30,1,6.85,10.0,0.685,0.0,82.5,0.0,0,0
2026-01-01 15:00,retail_1,retail,32.0,150,0.213,30,1,13.19,10.0,1.319,0.0,89.5,0.0,0,0
2026-01-01 15:45,retail_1,retail,23.7,150,0.158,30,0,11.05,10.0,1.105,0.0,94.5,48.0,0,0
2026-01-01 16:30,retail_1,retail,14.3,150,0.095,30,0,12.64,10.0,1.264,0.0,80.4,52.0,0,0
2026-01-01 17:15,retail_1,retail,10.080464445751694,150,0.067,30,0,13.41,10.0,1.341,0.0,89.7,55.0,0,0
2026-01-01 18:00,retail_1,retail,14.543862272569086,150,0.097,30,0,12.47,10.0,1.247,0.0,90.7,42.0,0,0
2026-01-01 18:45,retail_1,retail,11.883008478253537,150,0.079,30,0,11.91,10.0,1.191,0.0,83.6,42.0,0,0
2026-01-01 19:30,retail_1,retail,13.6797902854637,150,0.091,30,0,10.56,10.0,1.056,0.0,84.6,43.0,0,0
2026-01-01 20:15,retail_1,retail,12.682812005698658,150,0.085,30,0,4.81,10.0,0.481,0.0,90.7,53.0,0,0
2026-01-01 21:00,retail_1,retail,7.900025044213054,150,0.053,30,0,3.41,10.0,0.341,0.0,80.5,57.0,0,0
2026-01-01 21:45,retail_1,retail,12.88736325099159,150,0.086,30,0,4.34,10.0,0.434,0.0,91.6,44.0,0,0
2026-01-01 22:30,retail_1,retail,46.7,150,0.311,30,1,4.18,10.0,0.418,0.0,82.3,0.0,0,0
2026-01-01 23:15,retail_1,retail,43.2,150,0.288,30,1,4.64,10.0,0.464,0.0,97.0,0.0,0,0
2026-01-02 00:00,retail_1,retail,40.9,150,0.273,30,1,3.1,10.0,0.31,0.0,106.5,0.0,0,0
2026-01-02 00:45,retail_1,retail,38.2,150,0.255,30,1,3.63,10.0,0.363,0.0,82.5,0.0,0,0
2026-01-02 01:30,retail_1,retail,35.2,150,0.235,30,1,3.91,10.0,0.391,0.0,93.0,0.0,0,0
2026-01-02 02:15,retail_1,retail,33.2,150,0.221,30,1,2.7,10.0,0.27,0.0,83.5,0.0,0,0
2026-01-02 03:00,retail_1,retail,30.1,150,0.201,30,1,4.09,10.0,0.409,0.0,96.8,0.0,0,0
2026-01-02 03:45,retail_1,retail,28.0,150,0.187,30,0,2.85,10.0,0.285,0.0,79.5,40.0,0,0
2026-01-02 04:30,retail_1,retail,25.5,150,0.17,30,0,3.28,10.0,0.328,0.0,92.6,53.0,0,0
2026-01-02 05:15,retail_1,retail,23.0,150,0.153,30,0,3.43,10.0,0.343,0.0,82.5,43.0,0,0
2026-01-02 06:00,retail_1,retail,11.1,150,0.074,30,0,15.84,10.0,1.584,0.0,87.4,40.0,0,0
2026-01-02 06:45,retail_1,retail,48.1,150,0.321,30,1,10.9,10.0,1.09,0.0,81.3,0.0,0,0
2026-01-02 07:30,retail_1,retail,41.5,150,0.277,30,1,8.83,10.0,0.883,0.0,95.2,0.0,0,0
2026-01-02 08:15,retail_1,retail,30.8,150,0.205,30,1,14.26,10.0,1.426,0.0,82.7,0.0,0,0
2026-01-02 09:00,retail_1,retail,22.9,150,0.153,30,0,10.42,10.0,1.042,0.0,93.1,46.0,0,0
2026-01-02 09:45,retail_1,retail,14.5,150,0.097,30,0,11.2,10.0,1.12,0.0,86.4,38.0,0,0
2026-01-02 10:30,retail_1,retail,9.4,150,0.063,30,0,6.92,10.0,0.692,0.0,88.1,50.0,0,0
2026-01-02 11:15,retail_1,retail,8.026799412917558,150,0.054,30,0,7.79,10.0,0.779,0.0,90.1,29.0,0,0
2026-01-02 12:00,retail_1,retail,12.201497331565227,150,0.081,30,0,7.24,10.0,0.724,0.0,83.3,47.0,0,0
2026-01-02 12:45,retail_1,retail,14.859860644809983,150,0.099,30,0,8.98,10.0,0.898,0.0,90.6,48.0,0,0
2026-01-02 13:30,retail_1,retail,14.294548556315576,150,0.095,30,0,8.29,10.0,0.829,0.0,100.5,55.0,0,0
2026-01-02 14:15,retail_1,retail,10.513045286438803,150,0.07,30,0,7.42,10.0,0.742,0.0,83.2,57.0,0,0
2026-01-02 15:00,retail_1,retail,44.4,150,0.296,30,1,14.58,10.0,1.458,0.0,97.8,0.0,0,0
2026-01-02 15:45,retail_1,retail,34.5,150,0.23,30,1,13.26,10.0,1.326,0.0,100.2,0.0,0,0
2026-01-02 16:30,retail_1,retail,27.3,150,0.182,30,0,9.49,10.0,0.949,0.0,82.9,41.0,0,0
2026-01-02 17:15,retail_1,retail,16.5,150,0.11,30,0,14.45,10.0,1.445,0.0,78.1,38.0,0,0
2026-01-02 18:00,retail_1,retail,6.7,150,0.045,30,0,13.13,10.0,1.313,0.0,91.3,51.0,0,0
2026-01-02 18:45,retail_1,retail,7.440812281270649,150,0.05,30,0,15.29,10.0,1.529,0.0,84.9,37.0,0,0
2026-01-02 19:30,retail_1,retail,10.415157822586421,150,0.069,30,0,13.02,10.0,1.302,0.0,103.0,44.0,0,0
2026-01-02 20:15,retail_1,retail,10.752199517743069,150,0.072,30,0,4.27,10.0,0.427,0.0,89.3,39.0,0,0
2026-01-02 21:00,retail_1,retail,14.428444263153088,150,0.096,30,0,4.66,10.0,0.466,0.0,83.0,53.0,0,0
2026-01-02 21:45,retail_1,retail,12.128688828657275,150,0.081,30,0,5.34,10.0,0.534,0.0,80.4,64.0,0,0
2026-01-02 22:30,retail_1,retail,9.493223333237191,150,0.063,30,0,4.28,10.0,0.428,0.0,97.2,36.0,0,0
2026-01-02 23:15,retail_1,retail,50.3,150,0.335,30,1,4.5,10.0,0.45,0.0,84.7,0.0,0,0
2026-01-03 00:00,retail_1,retail,48.0,150,0.32,30,1,3.1,10.0,0.31,0.0,89.3,0.0,0,0
2026-01-03 00:45,retail_1,retail,46.0,150,0.307,30,1,2.69,10.0,0.269,0.0,96.2,0.0,0,0
2026-01-03 01:30,retail_1,retail,43.8,150,0.292,30,1,2.86,10.0,0.286,0.0,85.4,0.0,0,0
2026-01-03 02:15,retail_1,retail,41.4,150,0.276,30,1,3.28,10.0,0.328,0.0,88.7,0.0,0,0
2026-01-03 03:00,retail_1,retail,38.6,150,0.257,30,1,3.74,10.0,0.374,0.0,88.9,0.0,0,0
2026-01-03 03:45,retail_1,retail,36.1,150,0.241,30,1,3.34,10.0,0.334,0.0,94.1,0.0,0,0
2026-01-03 04:30,retail_1,retail,33.7,150,0.225,30,1,3.18,10.0,0.318,0.0,93.4,0.0,0,0
2026-01-03 05:15,retail_1,retail,31.6,150,0.211,30,1,2.83,10.0,0.283,0.0,87.3,0.0,0,0
2026-01-03 06:00,retail_1,retail,21.4,150,0.143,30,0,13.61,10.0,1.361,0.0,89.5,45.0,0,0
2026-01-03 06:45,retail_1,retail,12.0,150,0.08,30,0,12.52,10.0,1.252,0.0,86.2,50.0,0,0
2026-01-03 07:30,retail_1,retail,63.1,150,0.421,30,1,10.63,10.0,1.063,0.0,77.9,0.0,0,0
2026-01-03 08:15,retail_1,retail,53.2,150,0.355,30,1,13.28,10.0,1.328,0.0,90.9,0.0,0,0
2026-01-03 09:00,retail_1,retail,43.6,150,0.291,30,1,12.72,10.0,1.272,0.0,103.2,0.0,0,0
2026-01-03 09:45,retail_1,retail,35.8,150,0.239,30,1,10.46,10.0,1.046,0.0,82.4,0.0,0,0
2026-01-03 10:30,retail_1,retail,29.7,150,0.198,30,0,8.08,10.0,0.808,0.0,83.2,53.0,0,0
2026-01-03 11:15,retail_1,retail,24.0,150,0.16,30,0,7.63,10.0,0.763,0.0,82.5,43.0,0,0
2026-01-03 12:00,retail_1,retail,15.6,150,0.104,30,0,11.22,10.0,1.122,0.0,94.4,31.0,0,0
2026-01-03 12:45,retail_1,retail,9.0,150,0.06,30,0,8.81,10.0,0.881,0.0,92.4,44.0,0,0
2026-01-03 13:30,retail_1,retail,7.615753464064139,150,0.051,30,0,8.41,10.0,0.841,0.0,87.8,57.0,0,0
2026-01-03 14:15,retail_1,retail,12.366120203544286,150,0.082,30,0,8.74,10.0,0.874,0.0,82.1,45.0,0,0
2026-01-03 15:00,retail_1,retail,13.570075362982763,150,0.09,30,0,15.27,10.0,1.527,0.0,89.7,40.0,0,0
2026-01-03 15:45,retail_1,retail,44.5,150,0.297,30,1,12.65,10.0,1.265,0.0,77.3,0.0,0,0
2026-01-03 16:30,retail_1,retail,35.7,150,0.238,30,1,11.74,10.0,1.174,0.0,90.1,0.0,0,0
2026-01-03 17:15,retail_1,retail,25.0,150,0.167,30,0,14.31,10.0,1.431,0.0,95.5,43.0,0,0
2026-01-03 18:00,retail_1,retail,15.6,150,0.104,30,0,12.49,10.0,1.249,0.0,79.6,49.0,0,0
2026-01-03 18:45,retail_1,retail,7.5,150,0.05,30,0,10.88,10.0,1.088,0.0,77.5,55.0,0,0
2026-01-03 19:30,retail_1,retail,11.404565076330915,150,0.076,30,0,10.53,10.0,1.053,0.0,100.8,69.0,0,0
2026-01-03 20:15,retail_1,retail,8.539945205086617,150,0.057,30,0,5.83,10.0,0.583,0.0,84.4,55.0,0,0
2026-01-03 21:00,retail_1,retail,7.815030113116452,150,0.052,30,0,4.89,10.0,0.489,0.0,97.5,58.0,0,0
2026-01-03 21:45,retail_1,retail,14.288964011135661,150,0.095,30,0,4.4,10.0,0.44,0.0,87.8,43.0,0,0
2026-01-03 22:30,retail_1,retail,13.564060033856872,150,0.09,30,0,4.64,10.0,0.464,0.0,87.8,39.0,0,0
2026-01-03 23:15,retail_1,retail,13.080279214425392,150,0.087,30,0,5.34,10.0,0.534,0.0,92.3,49.0,0,0
2026-01-04 00:00,retail_1,retail,49.0,150,0.327,30,1,3.07,10.0,0.307,0.0,82.4,0.0,0,0
2026-01-04 00:45,retail_1,retail,47.1,150,0.314,30,1,2.55,10.0,0.255,0.0,90.0,0.0,0,0
2026-01-04 01:30,retail_1,retail,44.6,150,0.297,30,1,3.35,10.0,0.335,0.0,86.1,0.0,0,0
2026-01-04 02:15,retail_1,retail,41.8,150,0.279,30,1,3.74,10.0,0.374,0.0,79.1,0.0,0,0
2026-01-04 03:00,retail_1,retail,39.0,150,0.26,30,1,3.71,10.0,0.371,0.0,91.5,0.0,0,0
2026-01-04 03:45,retail_1,retail,36.8,150,0.245,30,1,2.95,10.0,0.295,0.0,87.0,0.0,0,0
2026-01-04 04:30,retail_1,retail,33.9,150,0.226,30,1,3.77,10.0,0.377,0.0,87.8,0.0,0,0
2026-01-04 05:15,retail_1,retail,31.5,150,0.21,30,1,3.3,10.0,0.33,0.0,79.9,0.0,0,0
2026-01-04 06:00,retail_1,retail,21.1,150,0.141,30,0,13.85,10.0,1.385,0.0,100.9,43.0,0,0
2026-01-04 06:45,retail_1,retail,11.5,150,0.077,30,0,12.75,10.0,1.275,0.0,95.6,37.0,0,0
2026-01-04 07:30,retail_1,retail,8.473989212581394,150,0.056,30,0,9.29,10.0,0.929,0.0,96.2,64.0,0,0
2026-01-04 08:15,retail_1,retail,49.7,150,0.331,30,1,14.69,10.0,1.469,0.0,86.7,0.0,0,0
2026-01-04 09:00,retail_1,retail,40.8,150,0.272,30,1,11.89,10.0,1.189,0.0,76.0,0.0,0,0
2026-01-04 09:45,retail_1,retail,31.2,150,0.208,30,1,12.75,10.0,1.275,0.0,103.6,0.0,0,0
2026-01-04 10:30,retail_1,retail,26.3,150,0.175,30,0,6.66,10.0,0.666,0.0,88.5,74.0,0,0
2026-01-04 11:15,retail_1,retail,19.7,150,0.131,30,0,8.78,10.0,0.878,0.0,83.4,38.0,0,0
2026-01-04 12:00,retail_1,retail,12.6,150,0.084,30,0,9.47,10.0,0.947,0.0,92.1,44.0,0,0
2026-01-04 12:45,retail_1,retail,13.555965483088418,150,0.09,30,0,10.42,10.0,1.042,0.0,97.8,52.0,0,0
2026-01-04 13:30,retail_1,retail,9.61391112454907,150,0.064,30,0,9.81,10.0,0.981,0.0,88.8,53.0,0,0
2026-01-04 14:15,retail_1,retail,9.796915190461778,150,0.065,30,0,8.84,10.0,0.884,0.0,98.6,57.0,0,0
2026-01-04 15:00,retail_1,retail,11.770771979974207,150,0.078,30,0,10.03,10.0,1.003,0.0,97.1,64.0,0,0
2026-01-04 15:45,retail_1,retail,9.193703112993177,150,0.061,30,0,13.04,10.0,1.304,0.0,80.9,53.0,0,0
2026-01-04 16:30,retail_1,retail,67.3,150,0.449,30,1,11.74,10.0,1.174,0.0,83.9,0.0,0,0
2026-01-04 17:15,retail_1,retail,57.4,150,0.383,30,1,13.22,10.0,1.322,0.0,96.2,0.0,0,0
2026-01-04 18:00,retail_1,retail,49.4,150,0.329,30,1,10.62,10.0,1.062,0.0,70.0,0.0,0,0
2026-01-04 18:45,retail_1,retail,40.1,150,0.267,30,1,12.42,10.0,1.242,0.0,87.9,0.0,0,0
2026-01-04 19:30,retail_1,retail,31.2,150,0.208,30,1,11.87,10.0,1.187,0.0,78.3,0.0,0,0
2026-01-04 20:15,retail_1,retail,27.9,150,0.186,30,0,4.43,10.0,0.443,0.0,85.4,59.0,0,0
2026-01-04 21:00,retail_1,retail,24.5,150,0.163,30,0,4.44,10.0,0.444,0.0,86.8,50.0,0,0
2026-01-04 21:45,retail_1,retail,21.0,150,0.14,30,0,4.71,10.0,0.471,0.0,86.3,56.0,0,0
2026-01-04 22:30,retail_1,retail,17.3,150,0.115,30,0,4.99,10.0,0.499,0.0,84.9,47.0,0,0
2026-01-04 23:15,retail_1,retail,14.9,150,0.099,30,0,3.12,10.0,0.312,0.0,80.8,40.0,0,0
2026-01-05 00:00,retail_1,retail,13.3,150,0.089,30,0,2.14,10.0,0.214,0.0,106.2,55.0,0,0
2026-01-05 00:45,retail_1,retail,77.7,150,0.518,30,1,3.05,10.0,0.305,0.0,103.0,0.0,0,0
2026-01-05 01:30,retail_1,retail,75.3,150,0.502,30,1,3.11,10.0,0.311,0.0,80.3,0.0,0,0
2026-01-05 02:15,retail_1,retail,72.9,150,0.486,30,1,3.28,10.0,0.328,0.0,100.9,0.0,0,0
2026-01-05 03:00,retail_1,retail,70.7,150,0.471,30,1,2.87,10.0,0.287,0.0,86.0,0.0,0,0
2026-01-05 03:45,retail_1,retail,68.3,150,0.455,30,1,3.2,10.0,0.32,0.0,90.0,0.0,0,0
2026-01-05 04:30,retail_1,retail,65.9,150,0.439,30,1,3.26,10.0,0.326,0.0,88.5,0.0,0,0
2026-01-05 05:15,retail_1,retail,63.7,150,0.425,30,1,2.87,10.0,0.287,0.0,84.1,0.0,0,0
2026-01-05 06:00,retail_1,retail,53.6,150,0.357,30,1,13.47,10.0,1.347,0.0,96.4,0.0,0,0
2026-01-05 06:45,retail_1,retail,44.6,150,0.297,30,1,12.09,10.0,1.209,0.0,89.9,0.0,0,0
2026-01-05 07:30,retail_1,retail,35.0,150,0.233,30,1,12.7,10.0,1.27,0.0,85.4,0.0,0,0
2026-01-05 08:15,retail_1,retail,26.1,150,0.174,30,0,11.91,10.0,1.191,0.0,79.2,35.0,0,0
2026-01-05 09:00,retail_1,retail,76.7,150,0.511,30,1,15.28,10.0,1.528,0.0,82.3,0.0,0,0
2026-01-05 09:45,retail_1,retail,67.1,150,0.447,30,1,12.79,10.0,1.279,0.0,76.7,0.0,0,0
2026-01-05 10:30,retail_1,retail,61.3,150,0.409,30,1,7.64,10.0,0.764,0.0,89.1,0.0,0,0
2026-01-05 11:15,retail_1,retail,54.5,150,0.363,30,1,9.14,10.0,0.914,0.0,80.0,0.0,0,0
2026-01-05 12:00,retail_1,retail,49.7,150,0.331,30,1,6.32,10.0,0.632,0.0,87.0,0.0,0,0
2026-01-05 12:45,retail_1,retail,43.5,150,0.29,30,1,8.34,10.0,0.834,0.0,99.3,0.0,0,0
2026-01-05 13:30,retail_1,retail,37.1,150,0.247,30,1,8.57,10.0,0.857,0.0,98.0,0.0,0,0
2026-01-05 14:15,retail_1,retail,30.8,150,0.205,30,1,8.35,10.0,0.835,0.0,88.8,0.0,0,0
2026-01-05 15:00,retail_1,retail,21.6,150,0.144,30,0,12.2,10.0,1.22,0.0,88.3,50.0,0,0
2026-01-05 15:45,retail_1,retail,13.4,150,0.089,30,0,10.99,10.0,1.099,0.0,103.1,52.0,0,0
2026-01-05 16:30,retail_1,retail,12.69776164141727,150,0.085,30,0,11.39,10.0,1.139,0.0,92.9,59.0,0,0
2026-01-05 17:15,retail_1,retail,45.2,150,0.301,30,1,12.98,10.0,1.298,0.0,86.5,0.0,0,0
2026-01-05 18:00,retail_1,retail,37.1,150,0.247,30,1,10.8,10.0,1.08,0.0,78.3,0.0,0,0
2026-01-05 18:45,retail_1,retail,25.2,150,0.168,30,0,15.97,10.0,1.597,0.0,92.0,43.0,0,0
2026-01-05 19:30,retail_1,retail,19.1,150,0.127,30,0,8.07,10.0,0.807,0.0,95.2,36.0,0,0
2026-01-05 20:15,retail_1,retail,15.7,150,0.105,30,0,4.58,10.0,0.458,0.0,84.3,55.0,0,0
2026-01-05 21:00,retail_1,retail,12.0,150,0.08,30,0,4.87,10.0,0.487,0.0,91.2,60.0,0,0
2026-01-05 21:45,retail_1,retail,8.2,150,0.055,30,0,5.14,10.0,0.514,0.0,86.3,71.0,0,0
2026-01-05 22:30,retail_1,retail,5.0,150,0.033,30,0,4.18,10.0,0.418,0.0,87.6,37.0,0,0
2026-01-05 23:15,retail_1,retail,14.294280899054172,150,0.095,30,0,5.56,10.0,0.556,0.0,70.3,54.0,0,0
2026-01-06 00:00,retail_1,retail,8.172916457278738,150,0.054,30,0,2.58,10.0,0.258,0.0,87.3,44.0,0,0
2026-01-06 00:45,retail_1,retail,12.167423144184315,150,0.081,30,0,2.95,10.0,0.295,0.0,96.3,55.0,0,0
2026-01-06 01:30,retail_1,retail,40.0,150,0.267,30,1,3.48,10.0,0.348,0.0,84.3,0.0,0,0
2026-01-06 02:15,retail_1,retail,37.3,150,0.249,30,1,3.67,10.0,0.367,0.0,89.4,0.0,0,0
2026-01-06 03:00,retail_1,retail,35.4,150,0.236,30,1,2.57,10.0,0.257,0.0,83.3,0.0,0,0
2026-01-06 03:45,retail_1,retail,32.1,150,0.214,30,1,4.38,10.0,0.438,0.0,91.7,0.0,0,0
2026-01-06 04:30,retail_1,retail,30.0,150,0.2,30,1,2.8,10.0,0.28,0.0,87.4,0.0,0,0
2026-01-06 05:15,retail_1,retail,28.0,150,0.187,30,0,2.61,10.0,0.261,0.0,82.0,54.0,0,0
2026-01-06 06:00,retail_1,retail,18.5,150,0.123,30,0,12.63,10.0,1.263,0.0,99.0,57.0,0,0
2026-01-06 06:45,retail_1,retail,10.1,150,0.067,30,0,11.22,10.0,1.122,0.0,96.0,53.0,0,0
2026-01-06 07:30,retail_1,retail,14.872715711732113,150,0.099,30,0,10.98,10.0,1.098,0.0,84.5,63.0,0,0
2026-01-06 08:15,retail_1,retail,9.337991653915104,150,0.062,30,0,12.78,10.0,1.278,0.0,92.7,52.0,0,0
2026-01-06 09:00,retail_1,retail,9.358537906774135,150,0.062,30,0,9.28,10.0,0.928,0.0,93.0,37.0,0,0
2026-01-06 09:45,retail_1,retail,47.5,150,0.317,30,1,8.99,10.0,0.899,0.0,93.8,0.0,0,0
2026-01-06 10:30,retail_1,retail,41.9,150,0.279,30,1,7.51,10.0,0.751,0.0,76.3,0.0,0,0
2026-01-06 11:15,retail_1,retail,34.8,150,0.232,30,1,9.44,10.0,0.944,0.0,96.5,0.0,0,0
2026-01-06 12:00,retail_1,retail,29.1,150,0.194,30,0,7.56,10.0,0.756,0.0,84.7,62.0,0,0
2026-01-06 12:45,retail_1,retail,21.6,150,0.144,30,0,10.04,10.0,1.004,0.0,86.3,52.0,0,0
2026-01-06 13:30,retail_1,retail,14.4,150,0.096,30,0,9.58,10.0,0.958,0.0,108.8,35.0,0,0
2026-01-06 14:15,retail_1,retail,8.0,150,0.053,30,0,8.52,10.0,0.852,0.0,91.3,40.0,0,0
2026-01-06 15:00,retail_1,retail,12.252501619197218,150,0.082,30,0,13.41,10.0,1.341,0.0,86.1,60.0,0,0
2026-01-06 15:45,retail_1,retail,14.255884147505949,150,0.095,30,0,13.31,10.0,1.331,0.0,72.5,46.0,0,0
2026-01-06 16:30,retail_1,retail,8.349995507185836,150,0.056,30,0,13.09,10.0,1.309,0.0,99.4,49.0,0,0
2026-01-06 17:15,retail_1,retail,14.74661568079404,150,0.098,30,0,12.14,10.0,1.214,0.0,78.9,55.0,0,0
2026-01-06 18:00,retail_1,retail,46.0,150,0.307,30,1,12.35,10.0,1.235,0.0,81.5,0.0,0,0
2026-01-06 18:45,retail_1,retail,37.8,150,0.252,30,1,10.88,10.0,1.088,0.0,86.5,0.0,0,0
2026-01-06 19:30,retail_1,retail,31.2,150,0.208,30,1,8.84,10.0,0.884,0.0,99.6,0.0,0,0
2026-01-06 20:15,retail_1,retail,27.1,150,0.181,30,0,5.54,10.0,0.554,0.0,94.8,45.0,0,0
2026-01-06 21:00,retail_1,retail,23.4,150,0.156,30,0,4.91,10.0,0.491,0.0,87.8,56.0,0,0
2026-01-06 21:45,retail_1,retail,19.8,150,0.132,30,0,4.8,10.0,0.48,0.0,91.3,53.0,0,0
2026-01-06 22:30,retail_1,retail,16.0,150,0.107,30,0,5.07,10.0,0.507,0.0,84.5,46.0,0,0
2026-01-06 23:15,retail_1,retail,12.8,150,0.085,30,0,4.24,10.0,0.424,0.0,90.0,58.0,0,0
2026-01-07 00:00,retail_1,retail,10.7,150,0.071,30,0,2.75,10.0,0.275,0.0,89.6,47.0,0,0
2026-01-07 00:45,retail_1,retail,8.4,150,0.056,30,0,3.07,10.0,0.307,0.0,96.3,40.0,0,0
2026-01-07 01:30,retail_1,retail,5.6,150,0.037,30,0,3.81,10.0,0.381,0.0,96.3,41.0,0,0
2026-01-07 02:15,retail_1,retail,56.7,150,0.378,30,1,2.68,10.0,0.268,0.0,92.7,0.0,0,0
2026-01-07 03:00,retail_1,retail,55.2,150,0.368,30,1,2.02,10.0,0.202,0.0,86.3,0.0,0,0
2026-01-07 03:45,retail_1,retail,53.0,150,0.353,30,1,2.97,10.0,0.297,0.0,94.6,0.0,0,0
2026-01-07 04:30,retail_1,retail,50.2,150,0.335,30,1,3.71,10.0,0.371,0.0,88.3,0.0,0,0
2026-01-07 05:15,retail_1,retail,48.4,150,0.323,30,1,2.42,10.0,0.242,0.0,80.9,0.0,0,0
2026-01-07 06:00,retail_1,retail,41.0,150,0.273,30,1,9.85,10.0,0.985,0.0,86.0,0.0,0,0
2026-01-07 06:45,retail_1,retail,31.8,150,0.212,30,1,12.24,10.0,1.224,0.0,89.6,0.0,0,0
2026-01-07 07:30,retail_1,retail,19.8,150,0.132,30,0,16.05,10.0,1.605,0.0,95.8,34.0,0,0
2026-01-07 08:15,retail_1,retail,12.6,150,0.084,30,0,9.56,10.0,0.956,0.0,87.6,46.0,0,0
2026-01-07 09:00,retail_1,retail,5.5,150,0.037,30,0,9.49,10.0,0.949,0.0,79.9,46.0,0,0
2026-01-07 09:45,retail_1,retail,11.298205389344304,150,0.075,30,0,12.36,10.0,1.236,0.0,89.4,53.0,0,0
2026-01-07 10:30,retail_1,retail,61.3,150,0.409,30,1,9.58,10.0,0.958,0.0,89.9,0.0,0,0
2026-01-07 11:15,retail_1,retail,55.7,150,0.371,30,1,7.48,10.0,0.748,0.0,90.4,0.0,0,0
2026-01-07 12:00,retail_1,retail,51.0,150,0.34,30,1,6.34,10.0,0.634,0.0,95.9,0.0,0,0
2026-01-07 12:45,retail_1,retail,44.4,150,0.296,30,1,8.7,10.0,0.87,0.0,96.6,0.0,0,0
2026-01-07 13:30,retail_1,retail,37.8,150,0.252,30,1,8.91,10.0,0.891,0.0,84.5,0.0,0,0
2026-01-07 14:15,retail_1,retail,30.1,150,0.201,30,1,10.24,10.0,1.024,0.0,84.4,0.0,0,0
2026-01-07 15:00,retail_1,retail,19.6,150,0.131,30,0,13.98,10.0,1.398,0.0,81.2,43.0,0,0
2026-01-07 15:45,retail_1,retail,8.9,150,0.059,30,0,14.28,10.0,1.428,0.0,94.2,50.0,0,0
2026-01-07 16:30,retail_1,retail,13.659128333615264,150,0.091,30,0,12.33,10.0,1.233,0.0,99.9,52.0,0,0
2026-01-07 17:15,retail_1,retail,14.932994743689825,150,0.1,30,0,17.18,10.0,1.718,0.0,86.6,32.0,0,0
2026-01-07 18:00,retail_1,retail,8.30892963310621,150,0.055,30,0,12.09,10.0,1.209,0.0,87.2,43.0,0,0
2026-01-07 18:45,retail_1,retail,63.7,150,0.425,30,1,11.7,10.0,1.17,0.0,100.0,0.0,0,0
2026-01-07 19:30,retail_1,retail,51.7,150,0.345,30,1,16.04,10.0,1.604,0.0,92.8,0.0,0,0
2026-01-07 20:15,retail_1,retail,48.9,150,0.326,30,1,3.81,10.0,0.381,0.0,92.3,0.0,0,0
2026-01-07 21:00,retail_1,retail,46.2,150,0.308,30,1,3.56,10.0,0.356,0.0,80.1,0.0,0,0
2026-01-07 21:45,retail_1,retail,42.5,150,0.283,30,1,4.88,10.0,0.488,0.0,94.1,0.0,0,0
2026-01-07 22:30,retail_1,retail,38.9,150,0.259,30,1,4.8,10.0,0.48,0.0,82.0,0.0,0,0
2026-01-07 23:15,retail_1,retail,35.4,150,0.236,30,1,4.65,10.0,0.465,0.0,80.5,0.0,0,0
2026-01-08 00:00,retail_1,retail,32.7,150,0.218,30,1,3.65,10.0,0.365,0.0,86.4,0.0,0,0
2026-01-08 00:45,retail_1,retail,30.6,150,0.204,30,1,2.79,10.0,0.279,0.0,84.6,0.0,0,0
2026-01-08 01:30,retail_1,retail,28.2,150,0.188,30,0,3.23,10.0,0.323,0.0,87.3,39.0,0,0
2026-01-08 02:15,retail_1,retail,25.9,150,0.173,30,0,3.04,10.0,0.304,0.0,78.2,52.0,0,0
2026-01-08 03:00,retail_1,retail,87.2,150,0.581,30,1,2.8,10.0,0.28,0.0,96.2,0.0,0,0
2026-01-08 03:45,retail_1,retail,84.8,150,0.565,30,1,3.17,10.0,0.317,0.0,97.5,0.0,0,0
2026-01-08 04:30,retail_1,retail,82.1,150,0.547,30,1,3.58,10.0,0.358,0.0,74.4,0.0,0,0
2026-01-08 05:15,retail_1,retail,79.0,150,0.527,30,1,4.15,10.0,0.415,0.0,96.3,0.0,0,0
2026-01-08 06:00,retail_1,retail,69.4,150,0.463,30,1,12.76,10.0,1.276,0.0,82.9,0.0,0,0
2026-01-08 06:45,retail_1,retail,63.7,150,0.425,30,1,7.65,10.0,0.765,0.0,95.4,0.0,0,0
2026-01-08 07:30,retail_1,retail,54.9,150,0.366,30,1,11.74,10.0,1.174,0.0,88.5,0.0,0,0
2026-01-08 08:15,retail_1,retail,46.0,150,0.307,30,1,11.88,10.0,1.188,0.0,89.2,0.0,0,0
2026-01-08 09:00,retail_1,retail,35.9,150,0.239,30,1,13.35,10.0,1.335,0.0,87.6,0.0,0,0
2026-01-08 09:45,retail_1,retail,26.9,150,0.179,30,0,12.11,10.0,1.211,0.0,98.1,51.0,0,0
2026-01-08 10:30,retail_1,retail,19.6,150,0.131,30,0,9.64,10.0,0.964,0.0,79.7,50.0,0,0
2026-01-08 11:15,retail_1,retail,61.9,150,0.413,30,1,8.65,10.0,0.865,0.0,93.6,0.0,0,0
2026-01-08 12:00,retail_1,retail,54.4,150,0.363,30,1,9.99,10.0,0.999,0.0,97.3,0.0,0,0
2026-01-08 12:45,retail_1,retail,48.7,150,0.325,30,1,7.7,10.0,0.77,0.0,94.4,0.0,0,0
2026-01-08 13:30,retail_1,retail,42.4,150,0.283,30,1,8.37,10.0,0.837,0.0,106.4,0.0,0,0
2026-01-08 14:15,retail_1,retail,35.5,150,0.237,30,1,9.15,10.0,0.915,0.0,85.0,0.0,0,0
2026-01-08 15:00,retail_1,retail,26.7,150,0.178,30,0,11.77,10.0,1.177,0.0,96.2,32.0,0,0
2026-01-08 15:45,retail_1,retail,18.2,150,0.121,30,0,11.38,10.0,1.138,0.0,88.2,46.0,0,0
2026-01-08 16:30,retail_1,retail,9.4,150,0.063,30,0,11.67,10.0,1.167,0.0,98.3,48.0,0,0
2026-01-08 17:15,retail_1,retail,10.00257076618411,150,0.067,30,0,11.46,10.0,1.146,0.0,88.9,49.0,0,0
2026-01-08 18:00,retail_1,retail,12.01402678833865,150,0.08,30,0,13.74,10.0,1.374,0.0,86.1,49.0,0,0
2026-01-08 18:45,retail_1,retail,8.168772524330562,150,0.054,30,0,9.51,10.0,0.951,0.0,98.8,40.0,0,0
2026-01-08 19:30,retail_1,retail,58.6,150,0.391,30,1,10.01,10.0,1.001,0.0,85.3,0.0,0,0
2026-01-08 20:15,retail_1,retail,54.1,150,0.361,30,1,6.05,10.0,0.605,0.0,78.4,0.0,0,0
2026-01-08 21:00,retail_1,retail,50.8,150,0.339,30,1,4.31,10.0,0.431,0.0,85.1,0.0,0,0
2026-01-08 21:45,retail_1,retail,47.1,150,0.314,30,1,4.93,10.0,0.493,0.0,93.6,0.0,0,0
2026-01-08 22:30,retail_1,retail,44.3,150,0.295,30,1,3.8,10.0,0.38,0.0,99.4,0.0,0,0
2026-01-08 23:15,retail_1,retail,40.7,150,0.271,30,1,4.86,10.0,0.486,0.0,89.8,0.0,0,0
2026-01-09 00:00,retail_1,retail,38.5,150,0.257,30,1,2.88,10.0,0.288,0.0,98.9,0.0,0,0
2026-01-09 00:45,retail_1,retail,36.6,150,0.244,30,1,2.5,10.0,0.25,0.0,78.8,0.0,0,0
2026-01-09 01:30,retail_1,retail,33.8,150,0.225,30,1,3.8,10.0,0.38,0.0,85.7,0.0,0,0
2026-01-09 02:15,retail_1,retail,31.0,150,0.207,30,1,3.73,10.0,0.373,0.0,86.8,0.0,0,0
2026-01-09 03:00,retail_1,retail,28.6,150,0.191,30,0,3.15,10.0,0.315,0.0,88.1,52.0,0,0
2026-01-09 03:45,retail_1,retail,73.3,150,0.489,30,1,3.65,10.0,0.365,0.0,89.6,0.0,0,0
2026-01-09 04:30,retail_1,retail,70.2,150,0.468,30,1,4.05,10.0,0.405,0.0,94.2,0.0,0,0
2026-01-09 05:15,retail_1,retail,67.6,150,0.451,30,1,3.54,10.0,0.354,0.0,85.7,0.0,0,0
2026-01-09 06:00,retail_1,retail,58.1,150,0.387,30,1,12.59,10.0,1.259,0.0,90.0,0.0,0,0
2026-01-09 06:45,retail_1,retail,49.0,150,0.327,30,1,12.13,10.0,1.213,0.0,88.7,0.0,0,0
2026-01-09 07:30,retail_1,retail,39.4,150,0.263,30,1,12.87,10.0,1.287,0.0,82.1,0.0,0,0
2026-01-09 08:15,retail_1,retail,31.0,150,0.207,30,1,11.2,10.0,1.12,0.0,88.1,0.0,0,0
2026-01-09 09:00,retail_1,retail,22.5,150,0.15,30,0,11.34,10.0,1.134,0.0,87.9,40.0,0,0
2026-01-09 09:45,retail_1,retail,13.1,150,0.087,30,0,12.54,10.0,1.254,0.0,87.8,63.0,0,0
2026-01-09 10:30,retail_1,retail,7.3,150,0.049,30,0,7.66,10.0,0.766,0.0,89.2,56.0,0,0
2026-01-09 11:15,retail_1,retail,8.309831663033368,150,0.055,30,0,7.78,10.0,0.778,0.0,89.6,48.0,0,0
2026-01-09 12:00,retail_1,retail,39.8,150,0.265,30,1,8.2,10.0,0.82,0.0,85.8,0.0,0,0
2026-01-09 12:45,retail_1,retail,32.7,150,0.218,30,1,9.52,10.0,0.952,0.0,98.5,0.0,0,0
2026-01-09 13:30,retail_1,retail,27.5,150,0.183,30,0,6.9,10.0,0.69,0.0,80.2,36.0,0,0
2026-01-09 14:15,retail_1,retail,20.7,150,0.138,30,0,9.07,10.0,0.907,0.0,83.6,28.0,0,0
2026-01-09 15:00,retail_1,retail,10.0,150,0.067,30,0,14.22,10.0,1.422,0.0,109.8,42.0,0,0
2026-01-09 15:45,retail_1,retail,7.707175737174067,150,0.051,30,0,14.21,10.0,1.421,0.0,81.2,49.0,0,0
2026-01-09 16:30,retail_1,retail,9.737804198231236,150,0.065,30,0,11.35,10.0,1.135,0.0,78.8,49.0,0,0
2026-01-09 17:15,retail_1,retail,14.85106667393024,150,0.099,30,0,9.77,10.0,0.977,0.0,94.5,49.0,0,0
2026-01-09 18:00,retail_1,retail,12.037468762073622,150,0.08,30,0,13.8,10.0,1.38,0.0,73.4,35.0,0,0
2026-01-09 18:45,retail_1,retail,10.329287571249262,150,0.069,30,0,13.14,10.0,1.314,0.0,87.2,55.0,0,0
2026-01-09 19:30,retail_1,retail,8.332308107978161,150,0.056,30,0,14.6,10.0,1.46,0.0,105.1,50.0,0,0
2026-01-09 20:15,retail_1,retail,59.0,150,0.393,30,1,4.33,10.0,0.433,0.0,77.4,0.0,0,0
2026-01-09 21:00,retail_1,retail,55.1,150,0.367,30,1,5.31,10.0,0.531,0.0,74.1,0.0,0,0
2026-01-09 21:45,retail_1,retail,50.9,150,0.339,30,1,5.51,10.0,0.551,0.0,77.8,0.0,0,0
2026-01-09 22:30,retail_1,retail,47.4,150,0.316,30,1,4.74,10.0,0.474,0.0,95.7,0.0,0,0
2026-01-09 23:15,retail_1,retail,43.6,150,0.291,30,1,5.08,10.0,0.508,0.0,97.4,0.0,0,0
2026-01-10 00:00,retail_1,retail,41.0,150,0.273,30,1,3.37,10.0,0.337,0.0,85.2,0.0,0,0
2026-01-10 00:45,retail_1,retail,38.9,150,0.259,30,1,2.83,10.0,0.283,0.0,94.1,0.0,0,0
2026-01-10 01:30,retail_1,retail,36.3,150,0.242,30,1,3.44,10.0,0.344,0.0,99.4,0.0,0,0
2026-01-10 02:15,retail_1,retail,33.4,150,0.223,30,1,3.93,10.0,0.393,0.0,102.4,0.0,0,0
2026-01-10 03:00,retail_1,retail,31.0,150,0.207,30,1,3.21,10.0,0.321,0.0,87.2,0.0,0,0
2026-01-10 03:45,retail_1,retail,29.1,150,0.194,30,0,2.55,10.0,0.255,0.0,71.7,58.0,0,0
2026-01-10 04:30,retail_1,retail,65.2,150,0.435,30,1,2.89,10.0,0.289,0.0,82.8,0.0,0,0
2026-01-10 05:15,retail_1,retail,63.4,150,0.423,30,1,2.4,10.0,0.24,0.0,85.8,0.0,0,0
2026-01-10 06:00,retail_1,retail,52.9,150,0.353,30,1,13.93,10.0,1.393,0.0,87.1,0.0,0,0
2026-01-10 06:45,retail_1,retail,43.2,150,0.288,30,1,13.06,10.0,1.306,0.0,87.6,0.0,0,0
2026-01-10 07:30,retail_1,retail,34.9,150,0.233,30,1,10.97,10.0,1.097,0.0,97.4,0.0,0,0
2026-01-10 08:15,retail_1,retail,27.8,150,0.185,30,0,9.46,10.0,0.946,0.0,98.6,56.0,0,0
2026-01-10 09:00,retail_1,retail,20.0,150,0.133,30,0,10.42,10.0,1.042,0.0,87.7,42.0,0,0
2026-01-10 09:45,retail_1,retail,12.0,150,0.08,30,0,10.75,10.0,1.075,0.0,97.2,54.0,0,0
2026-01-10 10:30,retail_1,retail,5.7,150,0.038,30,0,8.33,10.0,0.833,0.0,91.7,45.0,0,0
2026-01-10 11:15,retail_1,retail,10.796268500979526,150,0.072,30,0,8.29,10.0,0.829,0.0,89.5,30.0,0,0
2026-01-10 12:00,retail_1,retail,13.528454056914589,150,0.09,30,0,9.74,10.0,0.974,0.0,95.8,43.0,0,0
2026-01-10 12:45,retail_1,retail,50.3,150,0.335,30,1,7.4,10.0,0.74,0.0,89.5,0.0,0,0
2026-01-10 13:30,retail_1,retail,45.4,150,0.303,30,1,6.47,10.0,0.647,0.0,104.4,0.0,0,0
2026-01-10 14:15,retail_1,retail,40.3,150,0.269,30,1,6.87,10.0,0.687,0.0,78.2,0.0,0,0
2026-01-10 15:00,retail_1,retail,30.7,150,0.205,30,1,12.76,10.0,1.276,0.0,85.1,0.0,0,0
2026-01-10 15:45,retail_1,retail,22.1,150,0.147,30,0,11.49,10.0,1.149,0.0,88.1,47.0,0,0
2026-01-10 16:30,retail_1,retail,12.9,150,0.086,30,0,12.28,10.0,1.228,0.0,92.3,46.0,0,0
2026-01-10 17:15,retail_1,retail,12.040149444950618,150,0.08,30,0,11.99,10.0,1.199,0.0,98.5,54.0,0,0
2026-01-10 18:00,retail_1,retail,10.339063534403786,150,0.069,30,0,14.57,10.0,1.457,0.0,88.8,57.0,0,0
2026-01-10 18:45,retail_1,retail,8.154496349499851,150,0.054,30,0,11.75,10.0,1.175,0.0,78.3,48.0,0,0
2026-01-10 19:30,retail_1,retail,7.748475255298684,150,0.052,30,0,12.12,10.0,1.212,0.0,95.3,41.0,0,0
2026-01-10 20:15,retail_1,retail,7.133372404797065,150,0.048,30,0,5.28,10.0,0.528,0.0,94.7,32.0,0,0
2026-01-10 21:00,retail_1,retail,47.9,150,0.319,30,1,4.42,10.0,0.442,0.0,74.4,0.0,0,0
2026-01-10 21:45,retail_1,retail,44.1,150,0.294,30,1,5.08,10.0,0.508,0.0,89.0,0.0,0,0
2026-01-10 22:30,retail_1,retail,40.3,150,0.269,30,1,5.02,10.0,0.502,0.0,77.1,0.0,0,0
2026-01-10 23:15,retail_1,retail,36.6,150,0.244,30,1,4.9,10.0,0.49,0.0,84.0,0.0,0,0
2026-01-11 00:00,retail_1,retail,34.6,150,0.231,30,1,2.69,10.0,0.269,0.0,82.2,0.0,0,0
2026-01-11 00:45,retail_1,retail,31.8,150,0.212,30,1,3.75,10.0,0.375,0.0,95.1,0.0,0,0
2026-01-11 01:30,retail_1,retail,28.7,150,0.191,30,0,4.19,10.0,0.419,0.0,89.9,47.0,0,0
2026-01-11 02:15,retail_1,retail,26.3,150,0.175,30,0,3.2,10.0,0.32,0.0,79.4,59.0,0,0
2026-01-11 03:00,retail_1,retail,24.2,150,0.161,30,0,2.73,10.0,0.273,0.0,95.6,51.0,0,0
2026-01-11 03:45,retail_1,retail,21.8,150,0.145,30,0,3.21,10.0,0.321,0.0,78.2,47.0,0,0
2026-01-11 04:30,retail_1,retail,19.1,150,0.127,30,0,3.64,10.0,0.364,0.0,91.5,43.0,0,0
2026-01-11 05:15,retail_1,retail,75.7,150,0.505,30,1,2.92,10.0,0.292,0.0,82.9,0.0,0,0
2026-01-11 06:00,retail_1,retail,67.0,150,0.447,30,1,11.59,10.0,1.159,0.0,86.3,0.0,0,0
2026-01-11 06:45,retail_1,retail,57.7,150,0.385,30,1,12.36,10.0,1.236,0.0,92.8,0.0,0,0
2026-01-11 07:30,retail_1,retail,47.4,150,0.316,30,1,13.79,10.0,1.379,0.0,92.9,0.0,0,0
2026-01-11 08:15,retail_1,retail,37.6,150,0.251,30,1,13.08,10.0,1.308,0.0,99.0,0.0,0,0
2026-01-11 09:00,retail_1,retail,27.7,150,0.185,30,0,13.15,10.0,1.315,0.0,88.4,36.0,0,0
2026-01-11 09:45,retail_1,retail,19.4,150,0.129,30,0,11.1,10.0,1.11,0.0,91.3,64.0,0,0
2026-01-11 10:30,retail_1,retail,12.9,150,0.086,30,0,8.66,10.0,0.866,0.0,85.7,51.0,0,0
2026-01-11 11:15,retail_1,retail,7.4,150,0.049,30,0,7.37,10.0,0.737,0.0,90.4,35.0,0,0
2026-01-11 12:00,retail_1,retail,12.744545289606886,150,0.085,30,0,9.17,10.0,0.917,0.0,92.3,44.0,0,0
2026-01-11 12:45,retail_1,retail,10.541549615739488,150,0.07,30,0,9.52,10.0,0.952,0.0,88.3,49.0,0,0
2026-01-11 13:30,retail_1,retail,61.0,150,0.407,30,1,8.84,10.0,0.884,0.0,75.5,0.0,0,0
2026-01-11 14:15,retail_1,retail,55.2,150,0.368,30,1,7.78,10.0,0.778,0.0,91.5,0.0,0,0
2026-01-11 15:00,retail_1,retail,45.8,150,0.305,30,1,12.43,10.0,1.243,0.0,91.7,0.0,0,0
2026-01-11 15:45,retail_1,retail,33.8,150,0.225,30,1,16.04,10.0,1.604,0.0,83.9,0.0,0,0
2026-01-11 16:30,retail_1,retail,24.7,150,0.165,30,0,12.17,10.0,1.217,0.0,79.4,42.0,0,0
2026-01-11 17:15,retail_1,retail,13.7,150,0.091,30,0,14.68,10.0,1.468,0.0,100.1,46.0,0,0
2026-01-11 18:00,retail_1,retail,12.024243716556295,150,0.08,30,0,13.41,10.0,1.341,0.0,92.7,39.0,0,0
2026-01-11 18:45,retail_1,retail,13.639516745699547,150,0.091,30,0,12.2,10.0,1.22,0.0,87.3,46.0,0,0
2026-01-11 19:30,retail_1,retail,10.325022256233241,150,0.069,30,0,10.39,10.0,1.039,0.0,80.5,48.0,0,0
2026-01-11 20:15,retail_1,retail,9.066403433020739,150,0.06,30,0,4.94,10.0,0.494,0.0,82.8,54.0,0,0
2026-01-11 21:00,retail_1,retail,13.936092855284803,150,0.093,30,0,4.86,10.0,0.486,0.0,98.8,58.0,0,0
2026-01-11 21:45,retail_1,retail,47.1,150,0.314,30,1,6.01,10.0,0.601,0.0,90.0,0.0,0,0
2026-01-11 22:30,retail_1,retail,44.0,150,0.293,30,1,4.22,10.0,0.422,0.0,84.9,0.0,0,0
2026-01-11 23:15,retail_1,retail,39.2,150,0.261,30,1,6.34,10.0,0.634,0.0,92.8,0.0,0,0
2026-01-12 00:00,retail_1,retail,36.7,150,0.245,30,1,3.37,10.0,0.337,0.0,82.9,0.0,0,0
2026-01-12 00:45,retail_1,retail,34.1,150,0.227,30,1,3.37,10.0,0.337,0.0,100.3,0.0,0,0
2026-01-12 01:30,retail_1,retail,32.0,150,0.213,30,1,2.93,10.0,0.293,0.0,99.1,0.0,0,0
2026-01-12 02:15,retail_1,retail,29.4,150,0.196,30,0,3.34,10.0,0.334,0.0,85.5,49.0,0,0
2026-01-12 03:00,retail_1,retail,26.9,150,0.179,30,0,3.41,10.0,0.341,0.0,84.3,62.0,0,0
2026-01-12 03:45,retail_1,retail,24.2,150,0.161,30,0,3.62,10.0,0.362,0.0,70.0,51.0,0,0
2026-01-12 04:30,retail_1,retail,22.1,150,0.147,30,0,2.76,10.0,0.276,0.0,77.9,45.0,0,0
2026-01-12 05:15,retail_1,retail,19.2,150,0.128,30,0,3.83,10.0,0.383,0.0,79.0,43.0,0,0
2026-01-12 06:00,retail_1,retail,72.3,150,0.482,30,1,12.4,10.0,1.24,0.0,90.0,0.0,0,0
2026-01-12 06:45,retail_1,retail,62.7,150,0.418,30,1,12.8,10.0,1.28,0.0,86.6,0.0,0,0
2026-01-12 07:30,retail_1,retail,54.1,150,0.361,30,1,11.44,10.0,1.144,0.0,78.9,0.0,0,0
2026-01-12 08:15,retail_1,retail,46.4,150,0.309,30,1,10.27,10.0,1.027,0.0,86.9,0.0,0,0
2026-01-12 09:00,retail_1,retail,37.5,150,0.25,30,1,11.92,10.0,1.192,0.0,92.8,0.0,0,0
2026-01-12 09:45,retail_1,retail,28.4,150,0.189,30,0,12.11,10.0,1.211,0.0,93.0,58.0,0,0
2026-01-12 10:30,retail_1,retail,23.4,150,0.156,30,0,6.61,10.0,0.661,0.0,74.8,66.0,0,0
2026-01-12 11:15,retail_1,retail,16.6,150,0.111,30,0,9.11,10.0,0.911,0.0,88.0,52.0,0,0
2026-01-12 12:00,retail_1,retail,9.6,150,0.064,30,0,9.34,10.0,0.934,0.0,78.6,49.0,0,0
2026-01-12 12:45,retail_1,retail,9.683254507970776,150,0.065,30,0,7.36,10.0,0.736,0.0,95.8,48.0,0,0
2026-01-12 13:30,retail_1,retail,14.618112116266978,150,0.097,30,0,7.03,10.0,0.703,0.0,94.9,28.0,0,0
2026-01-12 14:15,retail_1,retail,46.8,150,0.312,30,1,7.85,10.0,0.785,0.0,82.3,0.0,0,0
2026-01-12 15:00,retail_1,retail,37.2,150,0.248,30,1,12.84,10.0,1.284,0.0,83.3,0.0,0,0
2026-01-12 15:45,retail_1,retail,27.9,150,0.186,30,0,12.33,10.0,1.233,0.0,85.5,52.0,0,0
2026-01-12 16:30,retail_1,retail,18.4,150,0.123,30,0,12.69,10.0,1.269,0.0,72.1,42.0,0,0
2026-01-12 17:15,retail_1,retail,8.5,150,0.057,30,0,13.2,10.0,1.32,0.0,91.5,45.0,0,0
2026-01-12 18:00,retail_1,retail,7.7931688982209915,150,0.052,30,0,10.35,10.0,1.035,0.0,87.0,44.0,0,0
2026-01-12 18:45,retail_1,retail,11.983632353467055,150,0.08,30,0,10.55,10.0,1.055,0.0,96.3,57.0,0,0
2026-01-12 19:30,retail_1,retail,10.574993561603511,150,0.07,30,0,7.92,10.0,0.792,0.0,80.8,45.0,0,0
2026-01-12 20:15,retail_1,retail,13.223879772567495,150,0.088,30,0,5.43,10.0,0.543,0.0,84.4,67.0,0,0
2026-01-12 21:00,retail_1,retail,8.763763847994959,150,0.058,30,0,4.81,10.0,0.481,0.0,77.7,52.0,0,0
2026-01-12 21:45,retail_1,retail,8.31652846743468,150,0.055,30,0,5.5,10.0,0.55,0.0,81.5,37.0,0,0
2026-01-12 22:30,retail_1,retail,51.4,150,0.343,30,1,4.04,10.0,0.404,0.0,80.1,0.0,0,0
2026-01-12 23:15,retail_1,retail,47.8,150,0.319,30,1,4.82,10.0,0.482,0.0,96.5,0.0,0,0
2026-01-13 00:00,retail_1,retail,45.3,150,0.302,30,1,3.3,10.0,0.33,0.0,83.8,0.0,0,0
2026-01-13 00:45,retail_1,retail,43.1,150,0.287,30,1,2.95,10.0,0.295,0.0,89.9,0.0,0,0
2026-01-13 01:30,retail_1,retail,41.2,150,0.275,30,1,2.5,10.0,0.25,0.0,86.1,0.0,0,0
2026-01-13 02:15,retail_1,retail,38.2,150,0.255,30,1,3.98,10.0,0.398,0.0,79.5,0.0,0,0
2026-01-13 03:00,retail_1,retail,35.4,150,0.236,30,1,3.83,10.0,0.383,0.0,87.7,0.0,0,0
2026-01-13 03:45,retail_1,retail,33.1,150,0.221,30,1,3.03,10.0,0.303,0.0,93.5,0.0,0,0
2026-01-13 04:30,retail_1,retail,30.5,150,0.203,30,1,3.43,10.0,0.343,0.0,79.9,0.0,0,0
2026-01-13 05:15,retail_1,retail,28.3,150,0.189,30,0,2.98,10.0,0.298,0.0,95.1,56.0,0,0
2026-01-13 06:00,retail_1,retail,20.7,150,0.138,30,0,10.16,10.0,1.016,0.0,82.6,39.0,0,0
2026-01-13 06:45,retail_1,retail,69.4,150,0.463,30,1,14.82,10.0,1.482,0.0,85.4,0.0,0,0
2026-01-13 07:30,retail_1,retail,62.5,150,0.417,30,1,9.07,10.0,0.907,0.0,93.0,0.0,0,0
2026-01-13 08:15,retail_1,retail,54.1,150,0.361,30,1,11.33,10.0,1.133,0.0,84.0,0.0,0,0
2026-01-13 09:00,retail_1,retail,45.1,150,0.301,30,1,11.94,10.0,1.194,0.0,89.3,0.0,0,0
2026-01-13 09:45,retail_1,retail,34.2,150,0.228,30,1,14.53,10.0,1.453,0.0,86.6,0.0,0,0
2026-01-13 10:30,retail_1,retail,27.3,150,0.182,30,0,9.23,10.0,0.923,0.0,90.0,54.0,0,0
2026-01-13 11:15,retail_1,retail,22.6,150,0.151,30,0,6.28,10.0,0.628,0.0,71.1,50.0,0,0
2026-01-13 12:00,retail_1,retail,16.4,150,0.109,30,0,8.2,10.0,0.82,0.0,75.3,59.0,0,0
2026-01-13 12:45,retail_1,retail,10.3,150,0.069,30,0,8.22,10.0,0.822,0.0,93.6,34.0,0,0
2026-01-13 13:30,retail_1,retail,7.629013687918064,150,0.051,30,0,7.94,10.0,0.794,0.0,96.8,53.0,0,0
2026-01-13 14:15,retail_1,retail,9.647318126241561,150,0.064,30,0,8.91,10.0,0.891,0.0,82.2,54.0,0,0
2026-01-13 15:00,retail_1,retail,58.8,150,0.392,30,1,10.27,10.0,1.027,0.0,87.2,0.0,0,0
2026-01-13 15:45,retail_1,retail,49.7,150,0.331,30,1,12.07,10.0,1.207,0.0,91.2,0.0,0,0
2026-01-13 16:30,retail_1,retail,39.5,150,0.263,30,1,13.66,10.0,1.366,0.0,94.2,0.0,0,0
2026-01-13 17:15,retail_1,retail,29.0,150,0.193,30,0,14.02,10.0,1.402,0.0,73.8,42.0,0,0
2026-01-13 18:00,retail_1,retail,19.2,150,0.128,30,0,13.07,10.0,1.307,0.0,82.4,55.0,0,0
2026-01-13 18:45,retail_1,retail,10.0,150,0.067,30,0,12.28,10.0,1.228,0.0,86.5,42.0,0,0
2026-01-13 19:30,retail_1,retail,8.911981441692411,150,0.059,30,0,12.59,10.0,1.259,0.0,94.3,40.0,0,0
2026-01-13 20:15,retail_1,retail,9.250276508424273,150,0.062,30,0,5.3,10.0,0.53,0.0,107.7,42.0,0,0
2026-01-13 21:00,retail_1,retail,10.289018226075033,150,0.069,30,0,4.82,10.0,0.482,0.0,87.3,58.0,0,0
2026-01-13 21:45,retail_1,retail,8.874600525204215,150,0.059,30,0,4.1,10.0,0.41,0.0,78.4,48.0,0,0
2026-01-13 22:30,retail_1,retail,7.157211861974782,150,0.048,30,0,3.97,10.0,0.397,0.0,92.0,46.0,0,0
2026-01-13 23:15,retail_1,retail,67.6,150,0.451,30,1,3.8,10.0,0.38,0.0,98.9,0.0,0,0
2026-01-14 00:00,retail_1,retail,64.7,150,0.431,30,1,3.85,10.0,0.385,0.0,89.8,0.0,0,0
2026-01-14 00:45,retail_1,retail,62.1,150,0.414,30,1,3.56,10.0,0.356,0.0,82.2,0.0,0,0
2026-01-14 01:30,retail_1,retail,59.7,150,0.398,30,1,3.15,10.0,0.315,0.0,96.2,0.0,0,0
2026-01-14 02:15,retail_1,retail,57.5,150,0.383,30,1,3.0,10.0,0.3,0.0,94.0,0.0,0,0
2026-01-14 03:00,retail_1,retail,55.2,150,0.368,30,1,2.94,10.0,0.294,0.0,81.3,0.0,0,0
2026-01-14 03:45,retail_1,retail,52.5,150,0.35,30,1,3.69,10.0,0.369,0.0,91.9,0.0,0,0
2026-01-14 04:30,retail_1,retail,49.4,150,0.329,30,1,4.05,10.0,0.405,0.0,96.5,0.0,0,0
2026-01-14 05:15,retail_1,retail,47.2,150,0.315,30,1,2.93,10.0,0.293,0.0,97.9,0.0,0,0
2026-01-14 06:00,retail_1,retail,37.0,150,0.247,30,1,13.68,10.0,1.368,0.0,88.5,0.0,0,0
2026-01-14 06:45,retail_1,retail,28.1,150,0.187,30,0,11.85,10.0,1.185,0.0,86.3,57.0,0,0
2026-01-14 07:30,retail_1,retail,64.3,150,0.429,30,1,11.45,10.0,1.145,0.0,98.2,0.0,0,0
2026-01-14 08:15,retail_1,retail,53.6,150,0.357,30,1,14.28,10.0,1.428,0.0,79.9,0.0,0,0
2026-01-14 09:00,retail_1,retail,44.7,150,0.298,30,1,11.78,10.0,1.178,0.0,92.3,0.0,0,0
2026-01-14 09:45,retail_1,retail,35.5,150,0.237,30,1,12.29,10.0,1.229,0.0,78.7,0.0,0,0
2026-01-14 10:30,retail_1,retail,29.1,150,0.194,30,0,8.49,10.0,0.849,0.0,97.0,45.0,0,0
2026-01-14 11:15,retail_1,retail,24.4,150,0.163,30,0,6.33,10.0,0.633,0.0,87.1,33.0,0,0
2026-01-14 12:00,retail_1,retail,18.0,150,0.12,30,0,8.53,10.0,0.853,0.0,98.5,66.0,0,0
2026-01-14 12:45,retail_1,retail,12.3,150,0.082,30,0,7.55,10.0,0.755,0.0,92.7,52.0,0,0
2026-01-14 13:30,retail_1,retail,7.4,150,0.049,30,0,6.57,10.0,0.657,0.0,79.8,44.0,0,0
2026-01-14 14:15,retail_1,retail,13.17468828184088,150,0.088,30,0,7.61,10.0,0.761,0.0,99.7,60.0,0,0
2026-01-14 15:00,retail_1,retail,10.871018116514072,150,0.072,30,0,11.86,10.0,1.186,0.0,100.6,39.0,0,0
2026-01-14 15:45,retail_1,retail,57.9,150,0.386,30,1,14.65,10.0,1.465,0.0,95.6,0.0,0,0
2026-01-14 16:30,retail_1,retail,49.7,150,0.331,30,1,10.89,10.0,1.089,0.0,83.3,0.0,0,0
2026-01-14 17:15,retail_1,retail,41.2,150,0.275,30,1,11.38,10.0,1.138,0.0,86.7,0.0,0,0
2026-01-14 18:00,retail_1,retail,31.3,150,0.209,30,1,13.22,10.0,1.322,0.0,90.1,0.0,0,0
2026-01-14 18:45,retail_1,retail,23.4,150,0.156,30,0,10.42,10.0,1.042,0.0,83.7,35.0,0,0
2026-01-14 19:30,retail_1,retail,14.7,150,0.098,30,0,11.62,10.0,1.162,0.0,101.7,49.0,0,0
2026-01-14 20:15,retail_1,retail,12.0,150,0.08,30,0,3.68,10.0,0.368,0.0,90.1,57.0,0,0
2026-01-14 21:00,retail_1,retail,7.9,150,0.053,30,0,5.42,10.0,0.542,0.0,70.0,48.0,0,0
2026-01-14 21:45,retail_1,retail,13.801061877480294,150,0.092,30,0,4.6,10.0,0.46,0.0,91.5,55.0,0,0
2026-01-14 22:30,retail_1,retail,9.313202675633207,150,0.062,30,0,4.79,10.0,0.479,0.0,86.4,39.0,0,0
2026-01-14 23:15,retail_1,retail,14.618080626898589,150,0.097,30,0,5.42,10.0,0.542,0.0,88.4,48.0,0,0
2026-01-15 00:00,retail_1,retail,56.3,150,0.375,30,1,2.88,10.0,0.288,0.0,86.2,0.0,0,0
2026-01-15 00:45,retail_1,retail,54.0,150,0.36,30,1,3.06,10.0,0.306,0.0,95.1,0.0,0,0
2026-01-15 01:30,retail_1,retail,51.9,150,0.346,30,1,2.73,10.0,0.273,0.0,97.4,0.0,0,0
2026-01-15 02:15,retail_1,retail,49.9,150,0.333,30,1,2.73,10.0,0.273,0.0,91.1,0.0,0,0
2026-01-15 03:00,retail_1,retail,47.8,150,0.319,30,1,2.79,10.0,0.279,0.0,86.5,0.0,0,0
2026-01-15 03:45,retail_1,retail,45.6,150,0.304,30,1,2.98,10.0,0.298,0.0,88.7,0.0,0,0
2026-01-15 04:30,retail_1,retail,43.3,150,0.289,30,1,3.03,10.0,0.303,0.0,89.1,0.0,0,0
2026-01-15 05:15,retail_1,retail,40.8,150,0.272,30,1,3.33,10.0,0.333,0.0,83.0,0.0,0,0
2026-01-15 06:00,retail_1,retail,33.1,150,0.221,30,1,10.33,10.0,1.033,0.0,93.3,0.0,0,0
2026-01-15 06:45,retail_1,retail,23.8,150,0.159,30,0,12.33,10.0,1.233,0.0,92.5,43.0,0,0
2026-01-15 07:30,retail_1,retail,14.4,150,0.096,30,0,12.6,10.0,1.26,0.0,100.6,45.0,0,0
2026-01-15 08:15,retail_1,retail,71.5,150,0.477,30,1,11.03,10.0,1.103,0.0,98.4,0.0,0,0
2026-01-15 09:00,retail_1,retail,63.7,150,0.425,30,1,10.47,10.0,1.047,0.0,83.9,0.0,0,0
2026-01-15 09:45,retail_1,retail,54.7,150,0.365,30,1,11.94,10.0,1.194,0.0,95.2,0.0,0,0
2026-01-15 10:30,retail_1,retail,48.8,150,0.325,30,1,7.97,10.0,0.797,0.0,81.9,0.0,0,0
2026-01-15 11:15,retail_1,retail,42.4,150,0.283,30,1,8.45,10.0,0.845,0.0,94.2,0.0,0,0
2026-01-15 12:00,retail_1,retail,34.9,150,0.233,30,1,10.0,10.0,1.0,0.0,85.1,0.0,0,0
2026-01-15 12:45,retail_1,retail,28.7,150,0.191,30,0,8.28,10.0,0.828,0.0,81.3,48.0,0,0
2026-01-15 13:30,retail_1,retail,23.1,150,0.154,30,0,7.47,10.0,0.747,0.0,91.1,65.0,0,0
2026-01-15 14:15,retail_1,retail,17.7,150,0.118,30,0,7.18,10.0,0.718,0.0,70.0,57.0,0,0
2026-01-15 15:00,retail_1,retail,9.3,150,0.062,30,0,11.27,10.0,1.127,0.0,75.9,63.0,0,0
2026-01-15 15:45,retail_1,retail,13.121190798890112,150,0.087,30,0,10.18,10.0,1.018,0.0,87.7,52.0,0,0
2026-01-15 16:30,retail_1,retail,42.7,150,0.285,30,1,14.47,10.0,1.447,0.0,89.6,0.0,0,0
2026-01-15 17:15,retail_1,retail,36.1,150,0.241,30,1,8.8,10.0,0.88,0.0,86.2,0.0,0,0
2026-01-15 18:00,retail_1,retail,25.8,150,0.172,30,0,13.67,10.0,1.367,0.0,77.2,42.0,0,0
2026-01-15 18:45,retail_1,retail,17.4,150,0.116,30,0,11.24,10.0,1.124,0.0,82.9,28.0,0,0
2026-01-15 19:30,retail_1,retail,8.5,150,0.057,30,0,11.88,10.0,1.188,0.0,91.9,59.0,0,0
2026-01-15 20:15,retail_1,retail,5.3,150,0.035,30,0,4.2,10.0,0.42,0.0,93.4,62.0,0,0
2026-01-15 21:00,retail_1,retail,8.257631068455634,150,0.055,30,0,5.77,10.0,0.577,0.0,88.9,43.0,0,0
2026-01-15 21:45,retail_1,retail,14.698704459849655,150,0.098,30,0,4.81,10.0,0.481,0.0,97.7,46.0,0,0
2026-01-15 22:30,retail_1,retail,11.146923706682564,150,0.074,30,0,5.33,10.0,0.533,0.0,92.0,41.0,0,0
2026-01-15 23:15,retail_1,retail,7.58318761497324,150,0.051,30,0,5.67,10.0,0.567,0.0,83.4,51.0,0,0
2026-01-16 00:00,retail_1,retail,12.014663235320537,150,0.08,30,0,3.27,10.0,0.327,0.0,86.9,58.0,0,0
2026-01-16 00:45,retail_1,retail,60.6,150,0.404,30,1,2.66,10.0,0.266,0.0,78.5,0.0,0,0
2026-01-16 01:30,retail_1,retail,58.2,150,0.388,30,1,3.1,10.0,0.31,0.0,88.2,0.0,0,0
2026-01-16 02:15,retail_1,retail,56.1,150,0.374,30,1,2.87,10.0,0.287,0.0,97.3,0.0,0,0
2026-01-16 03:00,retail_1,retail,53.8,150,0.359,30,1,2.97,10.0,0.297,0.0,94.1,0.0,0,0
2026-01-16 03:45,retail_1,retail,51.5,150,0.343,30,1,3.16,10.0,0.316,0.0,99.5,0.0,0,0
2026-01-16 04:30,retail_1,retail,49.1,150,0.327,30,1,3.14,10.0,0.314,0.0,86.7,0.0,0,0
2026-01-16 05:15,retail_1,retail,46.6,150,0.311,30,1,3.38,10.0,0.338,0.0,99.1,0.0,0,0
2026-01-16 06:00,retail_1,retail,37.0,150,0.247,30,1,12.72,10.0,1.272,0.0,87.6,0.0,0,0
2026-01-16 06:45,retail_1,retail,28.4,150,0.189,30,0,11.58,10.0,1.158,0.0,100.0,57.0,0,0
2026-01-16 07:30,retail_1,retail,19.0,150,0.127,30,0,12.47,10.0,1.247,0.0,88.8,52.0,0,0
2026-01-16 08:15,retail_1,retail,10.8,150,0.072,30,0,10.89,10.0,1.089,0.0,94.3,50.0,0,0
2026-01-16 09:00,retail_1,retail,55.4,150,0.369,30,1,13.97,10.0,1.397,0.0,100.1,0.0,0,0
2026-01-16 09:45,retail_1,retail,47.3,150,0.315,30,1,10.87,10.0,1.087,0.0,87.5,0.0,0,0
2026-01-16 10:30,retail_1,retail,40.1,150,0.267,30,1,9.57,10.0,0.957,0.0,90.6,0.0,0,0
2026-01-16 11:15,retail_1,retail,35.2,150,0.235,30,1,6.51,10.0,0.651,0.0,98.7,0.0,0,0
2026-01-16 12:00,retail_1,retail,29.4,150,0.196,30,0,7.76,10.0,0.776,0.0,88.0,54.0,0,0
2026-01-16 12:45,retail_1,retail,23.5,150,0.157,30,0,7.82,10.0,0.782,0.0,79.1,64.0,0,0
2026-01-16 13:30,retail_1,retail,17.1,150,0.114,30,0,8.52,10.0,0.852,0.0,105.1,57.0,0,0
2026-01-16 14:15,retail_1,retail,10.2,150,0.068,30,0,9.19,10.0,0.919,0.0,85.5,49.0,0,0
2026-01-16 15:00,retail_1,retail,12.759974421019571,150,0.085,30,0,10.56,10.0,1.056,0.0,90.2,43.0,0,0
2026-01-16 15:45,retail_1,retail,7.809324956904826,150,0.052,30,0,10.81,10.0,1.081,0.0,97.7,28.0,0,0
2026-01-16 16:30,retail_1,retail,11.985102829982603,150,0.08,30,0,10.29,10.0,1.029,0.0,84.4,46.0,0,0
2026-01-16 17:15,retail_1,retail,46.2,150,0.308,30,1,15.17,10.0,1.517,0.0,81.4,0.0,0,0
2026-01-16 18:00,retail_1,retail,36.2,150,0.241,30,1,13.33,10.0,1.333,0.0,90.9,0.0,0,0
2026-01-16 18:45,retail_1,retail,28.1,150,0.187,30,0,10.86,10.0,1.086,0.0,75.6,47.0,0,0
2026-01-16 19:30,retail_1,retail,19.1,150,0.127,30,0,12.01,10.0,1.201,0.0,86.8,45.0,0,0
2026-01-16 20:15,retail_1,retail,14.9,150,0.099,30,0,5.59,10.0,0.559,0.0,90.8,32.0,0,0
2026-01-16 21:00,retail_1,retail,11.4,150,0.076,30,0,4.61,10.0,0.461,0.0,87.0,40.0,0,0
2026-01-16 21:45,retail_1,retail,8.0,150,0.053,30,0,4.57,10.0,0.457,0.0,77.4,52.0,0,0
2026-01-16 22:30,retail_1,retail,8.01441439301408,150,0.053,30,0,4.27,10.0,0.427,0.0,101.0,63.0,0,0
2026-01-16 23:15,retail_1,retail,13.932765508764028,150,0.093,30,0,4.11,10.0,0.411,0.0,89.8,47.0,0,0
2026-01-17 00:00,retail_1,retail,11.748602035314384,150,0.078,30,0,3.73,10.0,0.373,0.0,99.7,51.0,0,0
2026-01-17 00:45,retail_1,retail,8.016883926936192,150,0.053,30,0,3.95,10.0,0.395,0.0,87.0,57.0,0,0
2026-01-17 01:30,retail_1,retail,52.2,150,0.348,30,1,2.76,10.0,0.276,0.0,82.4,0.0,0,0
2026-01-17 02:15,retail_1,retail,49.4,150,0.329,30,1,3.83,10.0,0.383,0.0,91.0,0.0,0,0
2026-01-17 03:00,retail_1,retail,47.1,150,0.314,30,1,2.98,10.0,0.298,0.0,87.4,0.0,0,0
2026-01-17 03:45,retail_1,retail,44.5,150,0.297,30,1,3.44,10.0,0.344,0.0,80.2,0.0,0,0
2026-01-17 04:30,retail_1,retail,41.7,150,0.278,30,1,3.83,10.0,0.383,0.0,100.0,0.0,0,0
2026-01-17 05:15,retail_1,retail,39.3,150,0.262,30,1,3.14,10.0,0.314,0.0,84.3,0.0,0,0
2026-01-17 06:00,retail_1,retail,30.9,150,0.206,30,1,11.26,10.0,1.126,0.0,75.2,0.0,0,0
2026-01-17 06:45,retail_1,retail,21.0,150,0.14,30,0,13.12,10.0,1.312,0.0,99.0,54.0,0,0
2026-01-17 07:30,retail_1,retail,13.6,150,0.091,30,0,9.97,10.0,0.997,0.0,85.2,67.0,0,0
2026-01-17 08:15,retail_1,retail,14.602233788891256,150,0.097,30,0,13.69,10.0,1.369,0.0,84.4,39.0,0,0
2026-01-17 09:00,retail_1,retail,11.285511763648238,150,0.075,30,0,12.04,10.0,1.204,0.0,75.8,45.0,0,0
2026-01-17 09:45,retail_1,retail,48.0,150,0.32,30,1,10.85,10.0,1.085,0.0,102.1,0.0,0,0
2026-01-17 10:30,retail_1,retail,42.4,150,0.283,30,1,7.51,10.0,0.751,0.0,79.3,0.0,0,0
2026-01-17 11:15,retail_1,retail,37.4,150,0.249,30,1,6.61,10.0,0.661,0.0,89.4,0.0,0,0
2026-01-17 12:00,retail_1,retail,31.7,150,0.211,30,1,7.58,10.0,0.758,0.0,95.8,0.0,0,0
2026-01-17 12:45,retail_1,retail,25.8,150,0.172,30,0,7.9,10.0,0.79,0.0,92.2,60.0,0,0
2026-01-17 13:30,retail_1,retail,20.6,150,0.137,30,0,6.98,10.0,0.698,0.0,88.6,55.0,0,0
2026-01-17 14:15,retail_1,retail,14.5,150,0.097,30,0,8.15,10.0,0.815,0.0,76.2,32.0,0,0
2026-01-17 15:00,retail_1,retail,10.228159939521689,150,0.068,30,0,13.65,10.0,1.365,0.0,82.9,43.0,0,0
2026-01-17 15:45,retail_1,retail,9.6663988789642,150,0.064,30,0,12.42,10.0,1.242,0.0,90.4,62.0,0,0
2026-01-17 16:30,retail_1,retail,10.935424192313034,150,0.073,30,0,13.99,10.0,1.399,0.0,83.1,61.0,0,0
2026-01-17 17:15,retail_1,retail,11.582180077896872,150,0.077,30,0,11.35,10.0,1.135,0.0,90.5,56.0,0,0
2026-01-17 18:00,retail_1,retail,55.4,150,0.369,30,1,14.6,10.0,1.46,0.0,94.1,0.0,0,0
2026-01-17 18:45,retail_1,retail,45.6,150,0.304,30,1,13.02,10.0,1.302,0.0,96.2,0.0,0,0
2026-01-17 19:30,retail_1,retail,33.9,150,0.226,30,1,15.57,10.0,1.557,0.0,79.8,0.0,0,0
2026-01-17 20:15,retail_1,retail,29.1,150,0.194,30,0,6.42,10.0,0.642,0.0,105.5,58.0,0,0
2026-01-17 21:00,retail_1,retail,25.8,150,0.172,30,0,4.48,10.0,0.448,0.0,94.8,40.0,0,0
2026-01-17 21:45,retail_1,retail,22.4,150,0.149,30,0,4.51,10.0,0.451,0.0,89.0,41.0,0,0
2026-01-17 22:30,retail_1,retail,18.9,150,0.126,30,0,4.63,10.0,0.463,0.0,97.2,57.0,0,0
2026-01-17 23:15,retail_1,retail,15.0,150,0.1,30,0,5.2,10.0,0.52,0.0,106.7,48.0,0,0
2026-01-18 00:00,retail_1,retail,12.2,150,0.081,30,0,3.79,10.0,0.379,0.0,78.2,60.0,0,0
2026-01-18 00:45,retail_1,retail,10.0,150,0.067,30,0,2.91,10.0,0.291,0.0,87.3,42.0,0,0
2026-01-18 01:30,retail_1,retail,7.5,150,0.05,30,0,3.37,10.0,0.337,0.0,71.2,48.0,0,0
2026-01-18 02:15,retail_1,retail,69.8,150,0.465,30,1,3.14,10.0,0.314,0.0,90.4,0.0,0,0
2026-01-18 03:00,retail_1,retail,67.2,150,0.448,30,1,3.48,10.0,0.348,0.0,91.7,0.0,0,0
2026-01-18 03:45,retail_1,retail,64.2,150,0.428,30,1,3.88,10.0,0.388,0.0,88.7,0.0,0,0
2026-01-18 04:30,retail_1,retail,61.9,150,0.413,30,1,3.09,10.0,0.309,0.0,84.1,0.0,0,0
2026-01-18 05:15,retail_1,retail,60.1,150,0.401,30,1,2.45,10.0,0.245,0.0,73.6,0.0,0,0
2026-01-18 06:00,retail_1,retail,50.3,150,0.335,30,1,13.03,10.0,1.303,0.0,91.8,0.0,0,0
2026-01-18 06:45,retail_1,retail,42.5,150,0.283,30,1,10.42,10.0,1.042,0.0,99.9,0.0,0,0
2026-01-18 07:30,retail_1,retail,33.8,150,0.225,30,1,11.56,10.0,1.156,0.0,84.6,0.0,0,0
2026-01-18 08:15,retail_1,retail,24.0,150,0.16,30,0,13.1,10.0,1.31,0.0,92.3,60.0,0,0
2026-01-18 09:00,retail_1,retail,14.8,150,0.099,30,0,12.29,10.0,1.229,0.0,77.2,70.0,0,0
2026-01-18 09:45,retail_1,retail,6.1,150,0.041,30,0,11.63,10.0,1.163,0.0,92.4,48.0,0,0
2026-01-18 10:30,retail_1,retail,55.5,150,0.37,30,1,7.54,10.0,0.754,0.0,86.0,0.0,0,0
2026-01-18 11:15,retail_1,retail,51.8,150,0.345,30,1,4.87,10.0,0.487,0.0,83.3,0.0,0,0
2026-01-18 12:00,retail_1,retail,45.1,150,0.301,30,1,9.0,10.0,0.9,0.0,83.3,0.0,0,0
2026-01-18 12:45,retail_1,retail,39.2,150,0.261,30,1,7.91,10.0,0.791,0.0,86.0,0.0,0,0
2026-01-18 13:30,retail_1,retail,31.7,150,0.211,30,1,9.94,10.0,0.994,0.0,91.9,0.0,0,0
2026-01-18 14:15,retail_1,retail,25.2,150,0.168,30,0,8.66,10.0,0.866,0.0,79.2,60.0,0,0
2026-01-18 15:00,retail_1,retail,16.3,150,0.109,30,0,11.83,10.0,1.183,0.0,86.0,51.0,0,0
2026-01-18 15:45,retail_1,retail,5.3,150,0.035,30,0,14.71,10.0,1.471,0.0,88.7,44.0,0,0
2026-01-18 16:30,retail_1,retail,8.639833862607286,150,0.058,30,0,14.86,10.0,1.486,0.0,80.8,39.0,0,0
2026-01-18 17:15,retail_1,retail,12.935963129009378,150,0.086,30,0,12.41,10.0,1.241,0.0,102.5,45.0,0,0
2026-01-18 18:00,retail_1,retail,7.418232826150077,150,0.049,30,0,14.94,10.0,1.494,0.0,82.6,39.0,0,0
2026-01-18 18:45,retail_1,retail,57.0,150,0.38,30,1,11.8,10.0,1.18,0.0,84.0,0.0,0,0
2026-01-18 19:30,retail_1,retail,47.1,150,0.314,30,1,13.09,10.0,1.309,0.0,81.7,0.0,0,0
2026-01-18 20:15,retail_1,retail,43.2,150,0.288,30,1,5.18,10.0,0.518,0.0,102.5,0.0,0,0
2026-01-18 21:00,retail_1,retail,39.3,150,0.262,30,1,5.33,10.0,0.533,0.0,93.1,0.0,0,0
2026-01-18 21:45,retail_1,retail,35.3,150,0.235,30,1,5.22,10.0,0.522,0.0,82.0,0.0,0,0
2026-01-18 22:30,retail_1,retail,31.9,150,0.213,30,1,4.58,10.0,0.458,0.0,97.3,0.0,0,0
2026-01-18 23:15,retail_1,retail,27.8,150,0.185,30,0,5.53,10.0,0.553,0.0,90.5,46.0,0,0
2026-01-19 00:00,retail_1,retail,25.4,150,0.169,30,0,3.14,10.0,0.314,0.0,90.9,49.0,0,0
2026-01-19 00:45,retail_1,retail,23.2,150,0.155,30,0,2.95,10.0,0.295,0.0,86.4,32.0,0,0
2026-01-19 01:30,retail_1,retail,21.0,150,0.14,30,0,2.95,10.0,0.295,0.0,83.4,51.0,0,0
2026-01-19 02:15,retail_1,retail,17.9,150,0.119,30,0,4.07,10.0,0.407,0.0,91.5,39.0,0,0
2026-01-19 03:00,retail_1,retail,69.3,150,0.462,30,1,2.87,10.0,0.287,0.0,84.9,0.0,0,0
2026-01-19 03:45,retail_1,retail,66.5,150,0.443,30,1,3.78,10.0,0.378,0.0,102.6,0.0,0,0
2026-01-19 04:30,retail_1,retail,64.5,150,0.43,30,1,2.69,10.0,0.269,0.0,79.5,0.0,0,0
2026-01-19 05:15,retail_1,retail,61.9,150,0.413,30,1,3.42,10.0,0.342,0.0,100.5,0.0,0,0
2026-01-19 06:00,retail_1,retail,52.7,150,0.351,30,1,12.29,10.0,1.229,0.0,88.2,0.0,0,0
2026-01-19 06:45,retail_1,retail,41.8,150,0.279,30,1,14.48,10.0,1.448,0.0,91.2,0.0,0,0
2026-01-19 07:30,retail_1,retail,33.8,150,0.225,30,1,10.72,10.0,1.072,0.0,95.2,0.0,0,0
2026-01-19 08:15,retail_1,retail,26.1,150,0.174,30,0,10.26,10.0,1.026,0.0,84.3,46.0,0,0
2026-01-19 09:00,retail_1,retail,17.4,150,0.116,30,0,11.61,10.0,1.161,0.0,95.5,49.0,0,0
2026-01-19 09:45,retail_1,retail,6.5,150,0.043,30,0,14.55,10.0,1.455,0.0,70.0,43.0,0,0
2026-01-19 10:30,retail_1,retail,9.120378299274266,150,0.061,30,0,7.18,10.0,0.718,0.0,83.6,45.0,0,0
2026-01-19 11:15,retail_1,retail,39.5,150,0.263,30,1,5.23,10.0,0.523,0.0,82.1,0.0,0,0
2026-01-19 12:00,retail_1,retail,33.3,150,0.222,30,1,8.27,10.0,0.827,0.0,79.6,0.0,0,0
2026-01-19 12:45,retail_1,retail,26.4,150,0.176,30,0,9.29,10.0,0.929,0.0,87.4,51.0,0,0
2026-01-19 13:30,retail_1,retail,21.1,150,0.141,30,0,7.04,10.0,0.704,0.0,91.9,41.0,0,0
2026-01-19 14:15,retail_1,retail,14.2,150,0.095,30,0,9.17,10.0,0.917,0.0,94.3,65.0,0,0
2026-01-19 15:00,retail_1,retail,6.0,150,0.04,30,0,10.94,10.0,1.094,0.0,90.8,49.0,0,0
2026-01-19 15:45,retail_1,retail,13.293784117868327,150,0.089,30,0,12.54,10.0,1.254,0.0,84.0,39.0,0,0
2026-01-19 16:30,retail_1,retail,11.077808602305439,150,0.074,30,0,14.15,10.0,1.415,0.0,91.8,56.0,0,0
2026-01-19 17:15,retail_1,retail,9.40053666324352,150,0.063,30,0,10.67,10.0,1.067,0.0,89.9,52.0,0,0
2026-01-19 18:00,retail_1,retail,8.210114275701407,150,0.055,30,0,13.13,10.0,1.313,0.0,96.0,52.0,0,0
2026-01-19 18:45,retail_1,retail,9.27739791077171,150,0.062,30,0,14.98,10.0,1.498,0.0,94.8,44.0,0,0
2026-01-19 19:30,retail_1,retail,45.0,150,0.3,30,1,13.65,10.0,1.365,0.0,89.2,0.0,0,0
2026-01-19 20:15,retail_1,retail,41.7,150,0.278,30,1,4.32,10.0,0.432,0.0,82.3,0.0,0,0
2026-01-19 21:00,retail_1,retail,37.4,150,0.249,30,1,5.82,10.0,0.582,0.0,84.1,0.0,0,0
2026-01-19 21:45,retail_1,retail,33.5,150,0.223,30,1,5.24,10.0,0.524,0.0,84.9,0.0,0,0
2026-01-19 22:30,retail_1,retail,30.8,150,0.205,30,1,3.55,10.0,0.355,0.0,86.6,0.0,0,0
2026-01-19 23:15,retail_1,retail,26.8,150,0.179,30,0,5.38,10.0,0.538,0.0,91.0,63.0,0,0
2026-01-20 00:00,retail_1,retail,24.5,150,0.163,30,0,2.94,10.0,0.294,0.0,94.4,41.0,0,0
2026-01-20 00:45,retail_1,retail,22.1,150,0.147,30,0,3.29,10.0,0.329,0.0,88.6,43.0,0,0
2026-01-20 01:30,retail_1,retail,19.3,150,0.129,30,0,3.65,10.0,0.365,0.0,89.1,44.0,0,0
2026-01-20 02:15,retail_1,retail,17.1,150,0.114,30,0,2.95,10.0,0.295,0.0,90.1,37.0,0,0
2026-01-20 03:00,retail_1,retail,15.3,150,0.102,30,0,2.46,10.0,0.246,0.0,85.1,28.0,0,0
2026-01-20 03:45,retail_1,retail,65.1,150,0.434,30,1,3.87,10.0,0.387,0.0,82.1,0.0,0,0
2026-01-20 04:30,retail_1,retail,62.4,150,0.416,30,1,3.72,10.0,0.372,0.0,75.8,0.0,0,0
2026-01-20 05:15,retail_1,retail,60.0,150,0.4,30,1,3.16,10.0,0.316,0.0,83.8,0.0,0,0
2026-01-20 06:00,retail_1,retail,50.1,150,0.334,30,1,13.21,10.0,1.321,0.0,92.5,0.0,0,0
2026-01-20 06:45,retail_1,retail,41.7,150,0.278,30,1,11.19,10.0,1.119,0.0,83.7,0.0,0,0
2026-01-20 07:30,retail_1,retail,32.7,150,0.218,30,1,11.96,10.0,1.196,0.0,87.2,0.0,0,0
2026-01-20 08:15,retail_1,retail,24.0,150,0.16,30,0,11.56,10.0,1.156,0.0,92.5,46.0,0,0
2026-01-20 09:00,retail_1,retail,15.6,150,0.104,30,0,11.26,10.0,1.126,0.0,92.9,43.0,0,0
2026-01-20 09:45,retail_1,retail,6.3,150,0.042,30,0,12.39,10.0,1.239,0.0,80.9,45.0,0,0
2026-01-20 10:30,retail_1,retail,11.638171534099836,150,0.078,30,0,6.81,10.0,0.681,0.0,96.5,53.0,0,0
2026-01-20 11:15,retail_1,retail,11.321738134228948,150,0.075,30,0,7.91,10.0,0.791,0.0,97.5,61.0,0,0
2026-01-20 12:00,retail_1,retail,47.3,150,0.315,30,1,8.56,10.0,0.856,0.0,80.5,0.0,0,0
2026-01-20 12:45,retail_1,retail,39.6,150,0.264,30,1,10.31,10.0,1.031,0.0,82.8,0.0,0,0
2026-01-20 13:30,retail_1,retail,34.4,150,0.229,30,1,6.86,10.0,0.686,0.0,97.9,0.0,0,0
2026-01-20 14:15,retail_1,retail,27.8,150,0.185,30,0,8.8,10.0,0.88,0.0,87.9,39.0,0,0
2026-01-20 15:00,retail_1,retail,17.4,150,0.116,30,0,13.93,10.0,1.393,0.0,72.4,48.0,0,0
2026-01-20 15:45,retail_1,retail,10.3,150,0.069,30,0,9.44,10.0,0.944,0.0,78.5,35.0,0,0
2026-01-20 16:30,retail_1,retail,8.088449875453144,150,0.054,30,0,13.54,10.0,1.354,0.0,87.1,32.0,0,0
2026-01-20 17:15,retail_1,retail,13.688631206362247,150,0.091,30,0,14.38,10.0,1.438,0.0,80.3,51.0,0,0
2026-01-20 18:00,retail_1,retail,8.238288278768895,150,0.055,30,0,13.85,10.0,1.385,0.0,85.9,45.0,0,0
2026-01-20 18:45,retail_1,retail,9.409404695978871,150,0.063,30,0,12.65,10.0,1.265,0.0,89.2,50.0,0,0
2026-01-20 19:30,retail_1,retail,8.99181519329092,150,0.06,30,0,13.4,10.0,1.34,0.0,100.0,48.0,0,0
2026-01-20 20:15,retail_1,retail,43.5,150,0.29,30,1,4.91,10.0,0.491,0.0,86.8,0.0,0,0
2026-01-20 21:00,retail_1,retail,40.7,150,0.271,30,1,3.66,10.0,0.366,0.0,97.0,0.0,0,0
2026-01-20 21:45,retail_1,retail,37.0,150,0.247,30,1,4.93,10.0,0.493,0.0,99.7,0.0,0,0
2026-01-20 22:30,retail_1,retail,33.6,150,0.224,30,1,4.55,10.0,0.455,0.0,99.8,0.0,0,0
2026-01-20 23:15,retail_1,retail,30.4,150,0.203,30,1,4.33,10.0,0.433,0.0,91.1,0.0,0,0
2026-01-21 00:00,retail_1,retail,27.1,150,0.181,30,0,4.31,10.0,0.431,0.0,74.3,46.0,0,0
2026-01-21 00:45,retail_1,retail,24.3,150,0.162,30,0,3.76,10.0,0.376,0.0,92.5,39.0,0,0
2026-01-21 01:30,retail_1,retail,22.3,150,0.149,30,0,2.68,10.0,0.268,0.0,96.9,53.0,0,0
2026-01-21 02:15,retail_1,retail,19.8,150,0.132,30,0,3.36,10.0,0.336,0.0,88.4,45.0,0,0
2026-01-21 03:00,retail_1,retail,16.9,150,0.113,30,0,3.85,10.0,0.385,0.0,102.1,43.0,0,0
2026-01-21 03:45,retail_1,retail,15.0,150,0.1,30,0,2.53,10.0,0.253,0.0,95.4,56.0,0,0
2026-01-21 04:30,retail_1,retail,65.7,150,0.438,30,1,3.23,10.0,0.323,0.0,93.3,0.0,0,0
2026-01-21 05:15,retail_1,retail,63.2,150,0.421,30,1,3.26,10.0,0.326,0.0,97.1,0.0,0,0
2026-01-21 06:00,retail_1,retail,56.0,150,0.373,30,1,9.69,10.0,0.969,0.0,91.5,0.0,0,0
2026-01-21 06:45,retail_1,retail,46.6,150,0.311,30,1,12.43,10.0,1.243,0.0,70.3,0.0,0,0
2026-01-21 07:30,retail_1,retail,36.4,150,0.243,30,1,13.64,10.0,1.364,0.0,85.3,0.0,0,0
2026-01-21 08:15,retail_1,retail,25.7,150,0.171,30,0,14.29,10.0,1.429,0.0,98.0,45.0,0,0
2026-01-21 09:00,retail_1,retail,17.2,150,0.115,30,0,11.39,10.0,1.139,0.0,82.9,54.0,0,0
2026-01-21 09:45,retail_1,retail,5.2,150,0.035,30,0,15.93,10.0,1.593,0.0,87.3,47.0,0,0
2026-01-21 10:30,retail_1,retail,7.93065381706609,150,0.053,30,0,5.84,10.0,0.584,0.0,81.2,50.0,0,0
2026-01-21 11:15,retail_1,retail,14.760935091347458,150,0.098,30,0,8.61,10.0,0.861,0.0,102.4,33.0,0,0
2026-01-21 12:00,retail_1,retail,7.175854518476983,150,0.048,30,0,6.58,10.0,0.658,0.0,101.6,65.0,0,0
2026-01-21 12:45,retail_1,retail,47.7,150,0.318,30,1,8.3,10.0,0.83,0.0,82.4,0.0,0,0
2026-01-21 13:30,retail_1,retail,42.0,150,0.28,30,1,7.6,10.0,0.76,0.0,90.1,0.0,0,0
2026-01-21 14:15,retail_1,retail,35.4,150,0.236,30,1,8.78,10.0,0.878,0.0,83.9,0.0,0,0
2026-01-21 15:00,retail_1,retail,26.0,150,0.173,30,0,12.57,10.0,1.257,0.0,93.6,51.0,0,0
2026-01-21 15:45,retail_1,retail,17.5,150,0.117,30,0,11.32,10.0,1.132,0.0,92.8,36.0,0,0
2026-01-21 16:30,retail_1,retail,8.9,150,0.059,30,0,11.44,10.0,1.144,0.0,95.1,52.0,0,0
2026-01-21 17:15,retail_1,retail,12.142452728689388,150,0.081,30,0,16.26,10.0,1.626,0.0,91.5,45.0,0,0
2026-01-21 18:00,retail_1,retail,13.261965394011094,150,0.088,30,0,13.59,10.0,1.359,0.0,111.0,48.0,0,0
2026-01-21 18:45,retail_1,retail,14.499849379192838,150,0.097,30,0,9.75,10.0,0.975,0.0,81.3,54.0,0,0
2026-01-21 19:30,retail_1,retail,12.535418906132737,150,0.084,30,0,13.79,10.0,1.379,0.0,76.2,37.0,0,0
2026-01-21 20:15,retail_1,retail,8.246812292411548,150,0.055,30,0,4.67,10.0,0.467,0.0,86.1,42.0,0,0
2026-01-21 21:00,retail_1,retail,45.7,150,0.305,30,1,4.8,10.0,0.48,0.0,77.2,0.0,0,0
2026-01-21 21:45,retail_1,retail,41.7,150,0.278,30,1,5.35,10.0,0.535,0.0,77.8,0.0,0,0
2026-01-21 22:30,retail_1,retail,37.5,150,0.25,30,1,5.6,10.0,0.56,0.0,81.5,0.0,0,0
2026-01-21 23:15,retail_1,retail,34.4,150,0.229,30,1,4.22,10.0,0.422,0.0,82.1,0.0,0,0
2026-01-22 00:00,retail_1,retail,32.0,150,0.213,30,1,3.19,10.0,0.319,0.0,81.8,0.0,0,0
2026-01-22 00:45,retail_1,retail,29.8,150,0.199,30,0,2.96,10.0,0.296,0.0,92.9,65.0,0,0
2026-01-22 01:30,retail_1,retail,27.2,150,0.181,30,0,3.47,10.0,0.347,0.0,85.2,32.0,0,0
2026-01-22 02:15,retail_1,retail,24.8,150,0.165,30,0,3.1,10.0,0.31,0.0,87.7,49.0,0,0
2026-01-22 03:00,retail_1,retail,22.4,150,0.149,30,0,3.21,10.0,0.321,0.0,95.7,33.0,0,0
2026-01-22 03:45,retail_1,retail,20.1,150,0.134,30,0,3.08,10.0,0.308,0.0,83.3,28.0,0,0
2026-01-22 04:30,retail_1,retail,17.7,150,0.118,30,0,3.15,10.0,0.315,0.0,87.0,51.0,0,0
2026-01-22 05:15,retail_1,retail,66.7,150,0.445,30,1,3.96,10.0,0.396,0.0,91.7,0.0,0,0
2026-01-22 06:00,retail_1,retail,54.9,150,0.366,30,1,15.75,10.0,1.575,0.0,74.4,0.0,0,0
2026-01-22 06:45,retail_1,retail,45.6,150,0.304,30,1,12.42,10.0,1.242,0.0,71.1,0.0,0,0
2026-01-22 07:30,retail_1,retail,36.8,150,0.245,30,1,11.63,10.0,1.163,0.0,91.6,0.0,0,0
2026-01-22 08:15,retail_1,retail,30.0,150,0.2,30,1,9.16,10.0,0.916,0.0,92.7,0.0,0,0
2026-01-22 09:00,retail_1,retail,22.1,150,0.147,30,0,10.54,10.0,1.054,0.0,104.5,53.0,0,0
2026-01-22 09:45,retail_1,retail,13.4,150,0.089,30,0,11.59,10.0,1.159,0.0,90.2,42.0,0,0
2026-01-22 10:30,retail_1,retail,7.8,150,0.052,30,0,7.38,10.0,0.738,0.0,95.1,51.0,0,0
2026-01-22 11:15,retail_1,retail,13.425364093061848,150,0.09,30,0,7.5,10.0,0.75,0.0,87.5,46.0,0,0
2026-01-22 12:00,retail_1,retail,8.227303059112703,150,0.055,30,0,10.01,10.0,1.001,0.0,91.2,44.0,0,0
2026-01-22 12:45,retail_1,retail,9.93240949903381,150,0.066,30,0,8.23,10.0,0.823,0.0,101.5,64.0,0,0
2026-01-22 13:30,retail_1,retail,42.0,150,0.28,30,1,8.34,10.0,0.834,0.0,73.1,0.0,0,0
2026-01-22 14:15,retail_1,retail,36.4,150,0.243,30,1,7.43,10.0,0.743,0.0,92.1,0.0,0,0
2026-01-22 15:00,retail_1,retail,25.2,150,0.168,30,0,14.91,10.0,1.491,0.0,105.0,28.0,0,0
2026-01-22 15:45,retail_1,retail,15.9,150,0.106,30,0,12.42,10.0,1.242,0.0,91.1,45.0,0,0
2026-01-22 16:30,retail_1,retail,7.0,150,0.047,30,0,11.87,10.0,1.187,0.0,101.4,72.0,0,0
2026-01-22 17:15,retail_1,retail,9.933775268750392,150,0.066,30,0,9.97,10.0,0.997,0.0,84.3,46.0,0,0
2026-01-22 18:00,retail_1,retail,7.846440198852114,150,0.052,30,0,12.69,10.0,1.269,0.0,88.8,58.0,0,0
2026-01-22 18:45,retail_1,retail,12.025652776744352,150,0.08,30,0,11.81,10.0,1.181,0.0,89.3,61.0,0,0
2026-01-22 19:30,retail_1,retail,7.970975396388957,150,0.053,30,0,15.82,10.0,1.582,0.0,72.4,50.0,0,0
2026-01-22 20:15,retail_1,retail,14.887473348999343,150,0.099,30,0,6.04,10.0,0.604,0.0,80.2,40.0,0,0
2026-01-22 21:00,retail_1,retail,13.245456597502898,150,0.088,30,0,3.97,10.0,0.397,0.0,80.8,28.0,0,0
2026-01-22 21:45,retail_1,retail,65.8,150,0.439,30,1,4.05,10.0,0.405,0.0,95.2,0.0,0,0
2026-01-22 22:30,retail_1,retail,62.4,150,0.416,30,1,4.61,10.0,0.461,0.0,95.5,0.0,0,0
2026-01-22 23:15,retail_1,retail,59.2,150,0.395,30,1,4.25,10.0,0.425,0.0,91.4,0.0,0,0
2026-01-23 00:00,retail_1,retail,56.7,150,0.378,30,1,3.3,10.0,0.33,0.0,95.2,0.0,0,0
2026-01-23 00:45,retail_1,retail,54.4,150,0.363,30,1,3.05,10.0,0.305,0.0,87.8,0.0,0,0
2026-01-23 01:30,retail_1,retail,51.9,150,0.346,30,1,3.33,10.0,0.333,0.0,98.0,0.0,0,0
2026-01-23 02:15,retail_1,retail,49.2,150,0.328,30,1,3.66,10.0,0.366,0.0,89.1,0.0,0,0
2026-01-23 03:00,retail_1,retail,47.1,150,0.314,30,1,2.72,10.0,0.272,0.0,89.4,0.0,0,0
2026-01-23 03:45,retail_1,retail,44.4,150,0.296,30,1,3.65,10.0,0.365,0.0,87.0,0.0,0,0
2026-01-23 04:30,retail_1,retail,42.3,150,0.282,30,1,2.87,10.0,0.287,0.0,94.1,0.0,0,0
2026-01-23 05:15,retail_1,retail,39.1,150,0.261,30,1,4.16,10.0,0.416,0.0,85.8,0.0,0,0
2026-01-23 06:00,retail_1,retail,92.3,150,0.615,30,1,14.48,10.0,1.448,0.0,96.3,0.0,0,0
2026-01-23 06:45,retail_1,retail,83.6,150,0.557,30,1,11.61,10.0,1.161,0.0,80.5,0.0,0,0
2026-01-23 07:30,retail_1,retail,75.9,150,0.506,30,1,10.21,10.0,1.021,0.0,80.8,0.0,0,0
2026-01-23 08:15,retail_1,retail,68.5,150,0.457,30,1,9.89,10.0,0.989,0.0,94.2,0.0,0,0
2026-01-23 09:00,retail_1,retail,58.6,150,0.391,30,1,13.24,10.0,1.324,0.0,88.3,0.0,0,0
2026-01-23 09:45,retail_1,retail,49.8,150,0.332,30,1,11.75,10.0,1.175,0.0,85.6,0.0,0,0
2026-01-23 10:30,retail_1,retail,42.8,150,0.285,30,1,9.26,10.0,0.926,0.0,95.7,0.0,0,0
2026-01-23 11:15,retail_1,retail,34.8,150,0.232,30,1,10.73,10.0,1.073,0.0,84.4,0.0,0,0
2026-01-23 12:00,retail_1,retail,29.3,150,0.195,30,0,7.32,10.0,0.732,0.0,87.5,50.0,0,0
2026-01-23 12:45,retail_1,retail,24.2,150,0.161,30,0,6.79,10.0,0.679,0.0,99.5,44.0,0,0
2026-01-23 13:30,retail_1,retail,17.9,150,0.119,30,0,8.42,10.0,0.842,0.0,100.5,31.0,0,0
2026-01-23 14:15,retail_1,retail,70.0,150,0.467,30,1,9.51,10.0,0.951,0.0,100.8,0.0,0,0
2026-01-23 15:00,retail_1,retail,61.7,150,0.411,30,1,11.11,10.0,1.111,0.0,86.9,0.0,0,0
2026-01-23 15:45,retail_1,retail,52.0,150,0.347,30,1,12.86,10.0,1.286,0.0,98.2,0.0,0,0
2026-01-23 16:30,retail_1,retail,40.6,150,0.271,30,1,15.26,10.0,1.526,0.0,81.9,0.0,0,0
2026-01-23 17:15,retail_1,retail,33.2,150,0.221,30,1,9.87,10.0,0.987,0.0,82.2,0.0,0,0
2026-01-23 18:00,retail_1,retail,23.2,150,0.155,30,0,13.22,10.0,1.322,0.0,71.4,35.0,0,0
2026-01-23 18:45,retail_1,retail,14.4,150,0.096,30,0,11.83,10.0,1.183,0.0,101.5,29.0,0,0
2026-01-23 19:30,retail_1,retail,13.69033050481968,150,0.091,30,0,13.02,10.0,1.302,0.0,82.5,54.0,0,0
2026-01-23 20:15,retail_1,retail,8.723703258205841,150,0.058,30,0,5.28,10.0,0.528,0.0,88.1,43.0,0,0
2026-01-23 21:00,retail_1,retail,7.963854579507744,150,0.053,30,0,4.95,10.0,0.495,0.0,82.2,74.0,0,0
2026-01-23 21:45,retail_1,retail,13.812297375183405,150,0.092,30,0,4.12,10.0,0.412,0.0,94.2,39.0,0,0
2026-01-23 22:30,retail_1,retail,41.2,150,0.275,30,1,4.46,10.0,0.446,0.0,86.2,0.0,0,0
2026-01-23 23:15,retail_1,retail,36.9,150,0.246,30,1,5.76,10.0,0.576,0.0,79.2,0.0,0,0
2026-01-24 00:00,retail_1,retail,34.4,150,0.229,30,1,3.35,10.0,0.335,0.0,92.3,0.0,0,0
2026-01-24 00:45,retail_1,retail,31.7,150,0.211,30,1,3.58,10.0,0.358,0.0,78.2,0.0,0,0
2026-01-24 01:30,retail_1,retail,29.2,150,0.195,30,0,3.31,10.0,0.331,0.0,82.7,54.0,0,0
2026-01-24 02:15,retail_1,retail,26.5,150,0.177,30,0,3.56,10.0,0.356,0.0,73.2,39.0,0,0
2026-01-24 03:00,retail_1,retail,24.3,150,0.162,30,0,3.02,10.0,0.302,0.0,78.3,36.0,0,0
2026-01-24 03:45,retail_1,retail,22.1,150,0.147,30,0,2.86,10.0,0.286,0.0,90.3,32.0,0,0
2026-01-24 04:30,retail_1,retail,19.5,150,0.13,30,0,3.54,10.0,0.354,0.0,74.3,28.0,0,0
2026-01-24 05:15,retail_1,retail,16.7,150,0.111,30,0,3.71,10.0,0.371,0.0,77.9,43.0,0,0
2026-01-24 06:00,retail_1,retail,9.0,150,0.06,30,0,10.29,10.0,1.029,0.0,89.0,45.0,0,0
2026-01-24 06:45,retail_1,retail,62.1,150,0.414,30,1,10.85,10.0,1.085,0.0,84.9,0.0,0,0
2026-01-24 07:30,retail_1,retail,53.4,150,0.356,30,1,11.53,10.0,1.153,0.0,103.9,0.0,0,0
2026-01-24 08:15,retail_1,retail,42.6,150,0.284,30,1,14.48,10.0,1.448,0.0,102.8,0.0,0,0
2026-01-24 09:00,retail_1,retail,33.0,150,0.22,30,1,12.73,10.0,1.273,0.0,82.5,0.0,0,0
2026-01-24 09:45,retail_1,retail,25.8,150,0.172,30,0,9.61,10.0,0.961,0.0,93.2,32.0,0,0
2026-01-24 10:30,retail_1,retail,19.8,150,0.132,30,0,8.09,10.0,0.809,0.0,94.6,43.0,0,0
2026-01-24 11:15,retail_1,retail,13.8,150,0.092,30,0,7.92,10.0,0.792,0.0,84.5,43.0,0,0
2026-01-24 12:00,retail_1,retail,8.7,150,0.058,30,0,6.85,10.0,0.685,0.0,77.8,42.0,0,0
2026-01-24 12:45,retail_1,retail,11.50124338322194,150,0.077,30,0,8.08,10.0,0.808,0.0,88.9,42.0,0,0
2026-01-24 13:30,retail_1,retail,13.097500089552657,150,0.087,30,0,7.87,10.0,0.787,0.0,87.7,42.0,0,0
2026-01-24 14:15,retail_1,retail,12.708858930107773,150,0.085,30,0,7.78,10.0,0.778,0.0,85.7,45.0,0,0
2026-01-24 15:00,retail_1,retail,62.2,150,0.415,30,1,12.07,10.0,1.207,0.0,92.3,0.0,0,0
2026-01-24 15:45,retail_1,retail,50.7,150,0.338,30,1,15.44,10.0,1.544,0.0,83.4,0.0,0,0
2026-01-24 16:30,retail_1,retail,41.5,150,0.277,30,1,12.15,10.0,1.215,0.0,80.4,0.0,0,0
2026-01-24 17:15,retail_1,retail,31.9,150,0.213,30,1,12.89,10.0,1.289,0.0,89.8,0.0,0,0
2026-01-24 18:00,retail_1,retail,22.4,150,0.149,30,0,12.69,10.0,1.269,0.0,91.9,59.0,0,0
2026-01-24 18:45,retail_1,retail,13.4,150,0.089,30,0,11.9,10.0,1.19,0.0,80.2,39.0,0,0
2026-01-24 19:30,retail_1,retail,8.142285093343077,150,0.054,30,0,12.94,10.0,1.294,0.0,96.0,33.0,0,0
2026-01-24 20:15,retail_1,retail,10.115477440621387,150,0.067,30,0,4.84,10.0,0.484,0.0,75.7,51.0,0,0
2026-01-24 21:00,retail_1,retail,14.613619251124298,150,0.097,30,0,4.85,10.0,0.485,0.0,84.7,41.0,0,0
2026-01-24 21:45,retail_1,retail,9.557766794718834,150,0.064,30,0,4.22,10.0,0.422,0.0,87.1,51.0,0,0
2026-01-24 22:30,retail_1,retail,13.944785278936504,150,0.093,30,0,4.66,10.0,0.466,0.0,84.2,28.0,0,0
2026-01-24 23:15,retail_1,retail,61.0,150,0.407,30,1,5.31,10.0,0.531,0.0,84.8,0.0,0,0
2026-01-25 00:00,retail_1,retail,58.7,150,0.391,30,1,3.12,10.0,0.312,0.0,103.0,0.0,0,0
2026-01-25 00:45,retail_1,retail,56.2,150,0.375,30,1,3.27,10.0,0.327,0.0,82.6,0.0,0,0
2026-01-25 01:30,retail_1,retail,53.8,150,0.359,30,1,3.27,10.0,0.327,0.0,107.3,0.0,0,0
2026-01-25 02:15,retail_1,retail,51.2,150,0.341,30,1,3.39,10.0,0.339,0.0,92.3,0.0,0,0
2026-01-25 03:00,retail_1,retail,48.7,150,0.325,30,1,3.45,10.0,0.345,0.0,89.7,0.0,0,0
2026-01-25 03:45,retail_1,retail,46.3,150,0.309,30,1,3.12,10.0,0.312,0.0,92.6,0.0,0,0
2026-01-25 04:30,retail_1,retail,44.2,150,0.295,30,1,2.79,10.0,0.279,0.0,108.0,0.0,0,0
2026-01-25 05:15,retail_1,retail,42.2,150,0.281,30,1,2.65,10.0,0.265,0.0,81.5,0.0,0,0
2026-01-25 06:00,retail_1,retail,32.1,150,0.214,30,1,13.48,10.0,1.348,0.0,80.6,0.0,0,0
2026-01-25 06:45,retail_1,retail,22.3,150,0.149,30,0,13.07,10.0,1.307,0.0,83.3,54.0,0,0
2026-01-25 07:30,retail_1,retail,54.1,150,0.361,30,1,12.87,10.0,1.287,0.0,89.2,0.0,0,0
2026-01-25 08:15,retail_1,retail,44.2,150,0.295,30,1,13.14,10.0,1.314,0.0,76.1,0.0,0,0
2026-01-25 09:00,retail_1,retail,35.6,150,0.237,30,1,11.53,10.0,1.153,0.0,89.2,0.0,0,0
2026-01-25 09:45,retail_1,retail,27.5,150,0.183,30,0,10.77,10.0,1.077,0.0,101.7,57.0,0,0
2026-01-25 10:30,retail_1,retail,22.2,150,0.148,30,0,7.07,10.0,0.707,0.0,90.1,34.0,0,0
2026-01-25 11:15,retail_1,retail,17.0,150,0.113,30,0,6.95,10.0,0.695,0.0,86.8,58.0,0,0
2026-01-25 12:00,retail_1,retail,9.8,150,0.065,30,0,9.59,10.0,0.959,0.0,84.4,48.0,0,0
2026-01-25 12:45,retail_1,retail,9.155515570429241,150,0.061,30,0,7.63,10.0,0.763,0.0,95.7,58.0,0,0
2026-01-25 13:30,retail_1,retail,9.22018243921914,150,0.061,30,0,9.41,10.0,0.941,0.0,82.8,47.0,0,0
2026-01-25 14:15,retail_1,retail,14.467305016187638,150,0.096,30,0,7.99,10.0,0.799,0.0,102.8,28.0,0,0
2026-01-25 15:00,retail_1,retail,12.78827658664871,150,0.085,30,0,11.59,10.0,1.159,0.0,103.5,47.0,0,0
2026-01-25 15:45,retail_1,retail,57.3,150,0.382,30,1,10.84,10.0,1.084,0.0,90.9,0.0,0,0
2026-01-25 16:30,retail_1,retail,48.5,150,0.323,30,1,11.75,10.0,1.175,0.0,88.9,0.0,0,0
2026-01-25 17:15,retail_1,retail,37.0,150,0.247,30,1,15.34,10.0,1.534,0.0,96.7,0.0,0,0
2026-01-25 18:00,retail_1,retail,28.9,150,0.193,30,0,10.86,10.0,1.086,0.0,97.2,46.0,0,0
2026-01-25 18:45,retail_1,retail,16.4,150,0.109,30,0,16.59,10.0,1.659,0.0,83.0,28.0,0,0
2026-01-25 19:30,retail_1,retail,7.9,150,0.053,30,0,11.29,10.0,1.129,0.0,85.1,63.0,0,0
2026-01-25 20:15,retail_1,retail,9.875390614646538,150,0.066,30,0,5.3,10.0,0.53,0.0,79.1,40.0,0,0
2026-01-25 21:00,retail_1,retail,7.651791181703535,150,0.051,30,0,4.7,10.0,0.47,0.0,92.1,53.0,0,0
2026-01-25 21:45,retail_1,retail,8.546713868896418,150,0.057,30,0,4.58,10.0,0.458,0.0,94.0,47.0,0,0
2026-01-25 22:30,retail_1,retail,14.605957705701375,150,0.097,30,0,3.95,10.0,0.395,0.0,78.9,59.0,0,0
2026-01-25 23:15,retail_1,retail,10.269596498167472,150,0.068,30,0,4.73,10.0,0.473,0.0,85.6,52.0,0,0
2026-01-26 00:00,retail_1,retail,63.0,150,0.42,30,1,2.68,10.0,0.268,0.0,78.9,0.0,0,0
2026-01-26 00:45,retail_1,retail,61.2,150,0.408,30,1,2.45,10.0,0.245,0.0,82.3,0.0,0,0
2026-01-26 01:30,retail_1,retail,58.8,150,0.392,30,1,3.25,10.0,0.325,0.0,93.1,0.0,0,0
2026-01-26 02:15,retail_1,retail,56.6,150,0.377,30,1,2.92,10.0,0.292,0.0,83.5,0.0,0,0
2026-01-26 03:00,retail_1,retail,53.6,150,0.357,30,1,3.95,10.0,0.395,0.0,86.7,0.0,0,0
2026-01-26 03:45,retail_1,retail,50.9,150,0.339,30,1,3.65,10.0,0.365,0.0,76.8,0.0,0,0
2026-01-26 04:30,retail_1,retail,47.9,150,0.319,30,1,3.96,10.0,0.396,0.0,90.4,0.0,0,0
2026-01-26 05:15,retail_1,retail,45.7,150,0.305,30,1,2.89,10.0,0.289,0.0,88.7,0.0,0,0
2026-01-26 06:00,retail_1,retail,36.7,150,0.245,30,1,12.02,10.0,1.202,0.0,83.5,0.0,0,0
2026-01-26 06:45,retail_1,retail,31.1,150,0.207,30,1,7.47,10.0,0.747,0.0,87.6,0.0,0,0
2026-01-26 07:30,retail_1,retail,22.6,150,0.151,30,0,11.33,10.0,1.133,0.0,90.4,32.0,0,0
2026-01-26 08:15,retail_1,retail,69.0,150,0.46,30,1,11.96,10.0,1.196,0.0,82.9,0.0,0,0
2026-01-26 09:00,retail_1,retail,59.9,150,0.399,30,1,12.05,10.0,1.205,0.0,77.9,0.0,0,0
2026-01-26 09:45,retail_1,retail,51.1,150,0.341,30,1,11.73,10.0,1.173,0.0,102.5,0.0,0,0
2026-01-26 10:30,retail_1,retail,44.9,150,0.299,30,1,8.28,10.0,0.828,0.0,84.3,0.0,0,0
2026-01-26 11:15,retail_1,retail,41.1,150,0.274,30,1,5.09,10.0,0.509,0.0,88.3,0.0,0,0
2026-01-26 12:00,retail_1,retail,34.7,150,0.231,30,1,8.49,10.0,0.849,0.0,96.6,0.0,0,0
2026-01-26 12:45,retail_1,retail,28.2,150,0.188,30,0,8.75,10.0,0.875,0.0,112.0,41.0,0,0
2026-01-26 13:30,retail_1,retail,20.9,150,0.139,30,0,9.74,10.0,0.974,0.0,79.7,49.0,0,0
2026-01-26 14:15,retail_1,retail,14.4,150,0.096,30,0,8.62,10.0,0.862,0.0,92.4,28.0,0,0
2026-01-26 15:00,retail_1,retail,5.0,150,0.033,30,0,12.57,10.0,1.257,0.0,83.7,63.0,0,0
2026-01-26 15:45,retail_1,retail,12.677896678408162,150,0.085,30,0,14.78,10.0,1.478,0.0,85.0,52.0,0,0
2026-01-26 16:30,retail_1,retail,57.4,150,0.383,30,1,8.58,10.0,0.858,0.0,83.6,0.0,0,0
2026-01-26 17:15,retail_1,retail,48.5,150,0.323,30,1,11.88,10.0,1.188,0.0,80.6,0.0,0,0
2026-01-26 18:00,retail_1,retail,39.9,150,0.266,30,1,11.43,10.0,1.143,0.0,88.7,0.0,0,0
2026-01-26 18:45,retail_1,retail,30.4,150,0.203,30,1,12.74,10.0,1.274,0.0,77.9,0.0,0,0
2026-01-26 19:30,retail_1,retail,23.7,150,0.158,30,0,8.86,10.0,0.886,0.0,96.1,36.0,0,0
2026-01-26 20:15,retail_1,retail,19.4,150,0.129,30,0,5.69,10.0,0.569,0.0,89.4,55.0,0,0
2026-01-26 21:00,retail_1,retail,16.0,150,0.107,30,0,4.63,10.0,0.463,0.0,92.2,48.0,0,0
2026-01-26 21:45,retail_1,retail,12.2,150,0.081,30,0,5.01,10.0,0.501,0.0,85.5,34.0,0,0
2026-01-26 22:30,retail_1,retail,8.5,150,0.057,30,0,4.95,10.0,0.495,0.0,86.2,52.0,0,0
2026-01-26 23:15,retail_1,retail,12.38887865597356,150,0.083,30,0,5.65,10.0,0.565,0.0,91.2,56.0,0,0
2026-01-27 00:00,retail_1,retail,7.519194236307276,150,0.05,30,0,2.37,10.0,0.237,0.0,80.3,43.0,0,0
2026-01-27 00:45,retail_1,retail,51.8,150,0.345,30,1,3.25,10.0,0.325,0.0,86.3,0.0,0,0
2026-01-27 01:30,retail_1,retail,49.0,150,0.327,30,1,3.71,10.0,0.371,0.0,82.6,0.0,0,0
2026-01-27 02:15,retail_1,retail,46.6,150,0.311,30,1,3.16,10.0,0.316,0.0,82.3,0.0,0,0
2026-01-27 03:00,retail_1,retail,44.6,150,0.297,30,1,2.77,10.0,0.277,0.0,73.2,0.0,0,0
2026-01-27 03:45,retail_1,retail,42.4,150,0.283,30,1,2.93,10.0,0.293,0.0,99.0,0.0,0,0
2026-01-27 04:30,retail_1,retail,40.1,150,0.267,30,1,3.02,10.0,0.302,0.0,83.9,0.0,0,0
2026-01-27 05:15,retail_1,retail,37.9,150,0.253,30,1,2.88,10.0,0.288,0.0,97.7,0.0,0,0
2026-01-27 06:00,retail_1,retail,29.3,150,0.195,30,0,11.55,10.0,1.155,0.0,97.0,53.0,0,0
2026-01-27 06:45,retail_1,retail,18.6,150,0.124,30,0,14.29,10.0,1.429,0.0,79.4,56.0,0,0
2026-01-27 07:30,retail_1,retail,10.5,150,0.07,30,0,10.81,10.0,1.081,0.0,80.8,47.0,0,0
2026-01-27 08:15,retail_1,retail,9.706942927401727,150,0.065,30,0,10.99,10.0,1.099,0.0,108.2,53.0,0,0
2026-01-27 09:00,retail_1,retail,53.9,150,0.359,30,1,12.56,10.0,1.256,0.0,102.1,0.0,0,0
2026-01-27 09:45,retail_1,retail,45.2,150,0.301,30,1,11.51,10.0,1.151,0.0,88.8,0.0,0,0
2026-01-27 10:30,retail_1,retail,40.2,150,0.268,30,1,6.67,10.0,0.667,0.0,90.9,0.0,0,0
2026-01-27 11:15,retail_1,retail,34.1,150,0.227,30,1,8.13,10.0,0.813,0.0,84.3,0.0,0,0
2026-01-27 12:00,retail_1,retail,28.1,150,0.187,30,0,8.09,10.0,0.809,0.0,92.2,48.0,0,0
2026-01-27 12:45,retail_1,retail,21.1,150,0.141,30,0,9.32,10.0,0.932,0.0,83.6,36.0,0,0
2026-01-27 13:30,retail_1,retail,15.8,150,0.105,30,0,7.08,10.0,0.708,0.0,73.8,60.0,0,0
2026-01-27 14:15,retail_1,retail,8.8,150,0.059,30,0,9.33,10.0,0.933,0.0,79.1,49.0,0,0
2026-01-27 15:00,retail_1,retail,11.804278145651319,150,0.079,30,0,12.62,10.0,1.262,0.0,89.2,56.0,0,0
2026-01-27 15:45,retail_1,retail,11.240418713699047,150,0.075,30,0,10.81,10.0,1.081,0.0,80.5,59.0,0,0
2026-01-27 16:30,retail_1,retail,7.22272841010069,150,0.048,30,0,10.45,10.0,1.045,0.0,88.5,51.0,0,0
2026-01-27 17:15,retail_1,retail,39.0,150,0.26,30,1,16.27,10.0,1.627,0.0,80.9,0.0,0,0
2026-01-27 18:00,retail_1,retail,29.6,150,0.197,30,0,12.51,10.0,1.251,0.0,83.1,57.0,0,0
2026-01-27 18:45,retail_1,retail,18.8,150,0.125,30,0,14.48,10.0,1.448,0.0,95.4,48.0,0,0
2026-01-27 19:30,retail_1,retail,11.5,150,0.077,30,0,9.74,10.0,0.974,0.0,90.9,54.0,0,0
2026-01-27 20:15,retail_1,retail,6.6,150,0.044,30,0,6.57,10.0,0.657,0.0,88.9,29.0,0,0
2026-01-27 21:00,retail_1,retail,9.238135447096326,150,0.062,30,0,5.4,10.0,0.54,0.0,95.6,52.0,0,0
2026-01-27 21:45,retail_1,retail,11.519620861219785,150,0.077,30,0,4.63,10.0,0.463,0.0,92.6,42.0,0,0
2026-01-27 22:30,retail_1,retail,7.705137947126337,150,0.051,30,0,4.59,10.0,0.459,0.0,99.8,63.0,0,0
2026-01-27 23:15,retail_1,retail,10.309324188665656,150,0.069,30,0,5.29,10.0,0.529,0.0,85.6,54.0,0,0
2026-01-28 00:00,retail_1,retail,13.001286663636808,150,0.087,30,0,3.5,10.0,0.35,0.0,85.8,50.0,0,0
2026-01-28 00:45,retail_1,retail,12.547206827432351,150,0.084,30,0,3.28,10.0,0.328,0.0,79.2,52.0,0,0
2026-01-28 01:30,retail_1,retail,57.2,150,0.381,30,1,3.2,10.0,0.32,0.0,85.8,0.0,0,0
2026-01-28 02:15,retail_1,retail,54.6,150,0.364,30,1,3.45,10.0,0.345,0.0,96.2,0.0,0,0
2026-01-28 03:00,retail_1,retail,52.8,150,0.352,30,1,2.42,10.0,0.242,0.0,98.7,0.0,0,0
2026-01-28 03:45,retail_1,retail,50.5,150,0.337,30,1,3.03,10.0,0.303,0.0,96.2,0.0,0,0
2026-01-28 04:30,retail_1,retail,48.6,150,0.324,30,1,2.46,10.0,0.246,0.0,75.5,0.0,0,0
2026-01-28 05:15,retail_1,retail,46.0,150,0.307,30,1,3.47,10.0,0.347,0.0,97.1,0.0,0,0
2026-01-28 06:00,retail_1,retail,38.0,150,0.253,30,1,10.68,10.0,1.068,0.0,75.2,0.0,0,0
2026-01-28 06:45,retail_1,retail,31.1,150,0.207,30,1,9.2,10.0,0.92,0.0,95.7,0.0,0,0
2026-01-28 07:30,retail_1,retail,23.3,150,0.155,30,0,10.49,10.0,1.049,0.0,86.2,52.0,0,0
2026-01-28 08:15,retail_1,retail,14.2,150,0.095,30,0,12.05,10.0,1.205,0.0,94.3,44.0,0,0
2026-01-28 09:00,retail_1,retail,5.6,150,0.037,30,0,11.46,10.0,1.146,0.0,79.0,53.0,0,0
2026-01-28 09:45,retail_1,retail,40.4,150,0.269,30,1,9.86,10.0,0.986,0.0,97.8,0.0,0,0
2026-01-28 10:30,retail_1,retail,35.8,150,0.239,30,1,6.24,10.0,0.624,0.0,78.0,0.0,0,0
2026-01-28 11:15,retail_1,retail,29.6,150,0.197,30,0,8.28,10.0,0.828,0.0,84.0,53.0,0,0
2026-01-28 12:00,retail_1,retail,23.9,150,0.159,30,0,7.53,10.0,0.753,0.0,81.5,56.0,0,0
2026-01-28 12:45,retail_1,retail,18.0,150,0.12,30,0,7.9,10.0,0.79,0.0,75.8,50.0,0,0
2026-01-28 13:30,retail_1,retail,12.0,150,0.08,30,0,8.02,10.0,0.802,0.0,89.7,58.0,0,0
2026-01-28 14:15,retail_1,retail,5.4,150,0.036,30,0,8.69,10.0,0.869,0.0,102.5,37.0,0,0
2026-01-28 15:00,retail_1,retail,13.852575909466687,150,0.092,30,0,14.32,10.0,1.432,0.0,109.0,52.0,0,0
2026-01-28 15:45,retail_1,retail,10.168435819483733,150,0.068,30,0,13.06,10.0,1.306,0.0,89.7,37.0,0,0
2026-01-28 16:30,retail_1,retail,8.593255180776536,150,0.057,30,0,12.23,10.0,1.223,0.0,97.4,38.0,0,0
2026-01-28 17:15,retail_1,retail,10.398353450651294,150,0.069,30,0,12.84,10.0,1.284,0.0,90.7,42.0,0,0
2026-01-28 18:00,retail_1,retail,51.1,150,0.341,30,1,12.19,10.0,1.219,0.0,92.7,0.0,0,0
2026-01-28 18:45,retail_1,retail,43.7,150,0.291,30,1,9.86,10.0,0.986,0.0,86.4,0.0,0,0
2026-01-28 19:30,retail_1,retail,32.6,150,0.217,30,1,14.76,10.0,1.476,0.0,90.5,0.0,0,0
2026-01-28 20:15,retail_1,retail,28.5,150,0.19,30,0,5.41,10.0,0.541,0.0,93.0,56.0,0,0
2026-01-28 21:00,retail_1,retail,23.9,150,0.159,30,0,6.14,10.0,0.614,0.0,84.7,45.0,0,0
2026-01-28 21:45,retail_1,retail,19.2,150,0.128,30,0,6.33,10.0,0.633,0.0,88.4,34.0,0,0
2026-01-28 22:30,retail_1,retail,16.2,150,0.108,30,0,4.01,10.0,0.401,0.0,88.6,58.0,0,0
2026-01-28 23:15,retail_1,retail,12.7,150,0.085,30,0,4.57,10.0,0.457,0.0,95.2,40.0,0,0
2026-01-29 00:00,retail_1,retail,9.5,150,0.063,30,0,4.33,10.0,0.433,0.0,81.0,47.0,0,0
2026-01-29 00:45,retail_1,retail,7.1,150,0.047,30,0,3.18,10.0,0.318,0.0,88.6,52.0,0,0
2026-01-29 01:30,retail_1,retail,14.580521010592344,150,0.097,30,0,3.31,10.0,0.331,0.0,103.3,50.0,0,0
2026-01-29 02:15,retail_1,retail,49.5,150,0.33,30,1,2.52,10.0,0.252,0.0,97.7,0.0,0,0
2026-01-29 03:00,retail_1,retail,47.1,150,0.314,30,1,3.27,10.0,0.327,0.0,99.1,0.0,0,0
2026-01-29 03:45,retail_1,retail,44.0,150,0.293,30,1,4.07,10.0,0.407,0.0,89.2,0.0,0,0
2026-01-29 04:30,retail_1,retail,41.2,150,0.275,30,1,3.78,10.0,0.378,0.0,91.4,0.0,0,0
2026-01-29 05:15,retail_1,retail,39.0,150,0.26,30,1,2.93,10.0,0.293,0.0,96.5,0.0,0,0
2026-01-29 06:00,retail_1,retail,30.6,150,0.204,30,1,11.15,10.0,1.115,0.0,100.7,0.0,0,0
2026-01-29 06:45,retail_1,retail,23.2,150,0.155,30,0,9.93,10.0,0.993,0.0,74.4,57.0,0,0
2026-01-29 07:30,retail_1,retail,15.4,150,0.103,30,0,10.39,10.0,1.039,0.0,79.1,50.0,0,0
2026-01-29 08:15,retail_1,retail,8.9,150,0.059,30,0,8.64,10.0,0.864,0.0,98.8,52.0,0,0
2026-01-29 09:00,retail_1,retail,11.42163112036432,150,0.076,30,0,11.66,10.0,1.166,0.0,86.9,70.0,0,0
2026-01-29 09:45,retail_1,retail,7.917935666705535,150,0.053,30,0,14.29,10.0,1.429,0.0,84.0,46.0,0,0
2026-01-29 10:30,retail_1,retail,54.4,150,0.363,30,1,8.61,10.0,0.861,0.0,79.6,0.0,0,0
2026-01-29 11:15,retail_1,retail,47.0,150,0.313,30,1,9.77,10.0,0.977,0.0,84.8,0.0,0,0
2026-01-29 12:00,retail_1,retail,40.0,150,0.267,30,1,9.43,10.0,0.943,0.0,78.5,0.0,0,0
2026-01-29 12:45,retail_1,retail,34.3,150,0.229,30,1,7.57,10.0,0.757,0.0,104.7,0.0,0,0
2026-01-29 13:30,retail_1,retail,28.8,150,0.192,30,0,7.33,10.0,0.733,0.0,88.8,30.0,0,0
2026-01-29 14:15,retail_1,retail,23.3,150,0.155,30,0,7.37,10.0,0.737,0.0,88.6,43.0,0,0
2026-01-29 15:00,retail_1,retail,16.0,150,0.107,30,0,9.72,10.0,0.972,0.0,93.4,33.0,0,0
2026-01-29 15:45,retail_1,retail,6.3,150,0.042,30,0,12.86,10.0,1.286,0.0,96.2,44.0,0,0
2026-01-29 16:30,retail_1,retail,14.750517524622435,150,0.098,30,0,7.6,10.0,0.76,0.0,96.1,53.0,0,0
2026-01-29 17:15,retail_1,retail,10.873705114781133,150,0.072,30,0,13.86,10.0,1.386,0.0,97.1,40.0,0,0
2026-01-29 18:00,retail_1,retail,7.508811491022379,150,0.05,30,0,12.93,10.0,1.293,0.0,84.3,35.0,0,0
2026-01-29 18:45,retail_1,retail,42.0,150,0.28,30,1,13.64,10.0,1.364,0.0,86.8,0.0,0,0
2026-01-29 19:30,retail_1,retail,31.0,150,0.207,30,1,14.69,10.0,1.469,0.0,94.8,0.0,0,0
2026-01-29 20:15,retail_1,retail,27.3,150,0.182,30,0,4.93,10.0,0.493,0.0,85.0,33.0,0,0
2026-01-29 21:00,retail_1,retail,22.9,150,0.153,30,0,5.9,10.0,0.59,0.0,89.0,55.0,0,0
2026-01-29 21:45,retail_1,retail,18.9,150,0.126,30,0,5.22,10.0,0.522,0.0,92.0,55.0,0,0
2026-01-29 22:30,retail_1,retail,15.7,150,0.105,30,0,4.29,10.0,0.429,0.0,94.9,57.0,0,0
2026-01-29 23:15,retail_1,retail,12.2,150,0.081,30,0,4.64,10.0,0.464,0.0,75.7,59.0,0,0
2026-01-30 00:00,retail_1,retail,10.6,150,0.071,30,0,2.19,10.0,0.219,0.0,94.4,68.0,0,0
2026-01-30 00:45,retail_1,retail,8.5,150,0.057,30,0,2.8,10.0,0.28,0.0,87.2,45.0,0,0
2026-01-30 01:30,retail_1,retail,6.2,150,0.041,30,0,3.03,10.0,0.303,0.0,94.3,49.0,0,0
2026-01-30 02:15,retail_1,retail,9.778307794445581,150,0.065,30,0,3.44,10.0,0.344,0.0,94.8,44.0,0,0
2026-01-30 03:00,retail_1,retail,60.3,150,0.402,30,1,2.86,10.0,0.286,0.0,101.1,0.0,0,0
2026-01-30 03:45,retail_1,retail,58.3,150,0.389,30,1,2.64,10.0,0.264,0.0,99.2,0.0,0,0
2026-01-30 04:30,retail_1,retail,56.5,150,0.377,30,1,2.35,10.0,0.235,0.0,99.1,0.0,0,0
2026-01-30 05:15,retail_1,retail,54.3,150,0.362,30,1,2.93,10.0,0.293,0.0,99.8,0.0,0,0
2026-01-30 06:00,retail_1,retail,43.1,150,0.287,30,1,15.02,10.0,1.502,0.0,91.2,0.0,0,0
2026-01-30 06:45,retail_1,retail,33.9,150,0.226,30,1,12.25,10.0,1.225,0.0,89.2,0.0,0,0
2026-01-30 07:30,retail_1,retail,23.9,150,0.159,30,0,13.35,10.0,1.335,0.0,95.5,45.0,0,0
2026-01-30 08:15,retail_1,retail,16.1,150,0.107,30,0,10.31,10.0,1.031,0.0,94.5,56.0,0,0
2026-01-30 09:00,retail_1,retail,9.2,150,0.061,30,0,9.2,10.0,0.92,0.0,86.7,51.0,0,0
2026-01-30 09:45,retail_1,retail,13.130810244459122,150,0.088,30,0,9.78,10.0,0.978,0.0,92.0,62.0,0,0
2026-01-30 10:30,retail_1,retail,12.263599289636739,150,0.082,30,0,8.09,10.0,0.809,0.0,88.7,49.0,0,0
2026-01-30 11:15,retail_1,retail,61.9,150,0.413,30,1,5.91,10.0,0.591,0.0,82.6,0.0,0,0
2026-01-30 12:00,retail_1,retail,56.6,150,0.377,30,1,7.04,10.0,0.704,0.0,98.7,0.0,0,0
2026-01-30 12:45,retail_1,retail,50.9,150,0.339,30,1,7.53,10.0,0.753,0.0,89.4,0.0,0,0
2026-01-30 13:30,retail_1,retail,45.9,150,0.306,30,1,6.68,10.0,0.668,0.0,104.4,0.0,0,0
2026-01-30 14:15,retail_1,retail,41.6,150,0.277,30,1,5.76,10.0,0.576,0.0,76.8,0.0,0,0
2026-01-30 15:00,retail_1,retail,31.6,150,0.211,30,1,13.32,10.0,1.332,0.0,84.8,0.0,0,0
2026-01-30 15:45,retail_1,retail,21.9,150,0.146,30,0,12.88,10.0,1.288,0.0,89.2,69.0,0,0
2026-01-30 16:30,retail_1,retail,11.3,150,0.075,30,0,14.2,10.0,1.42,0.0,97.5,50.0,0,0
2026-01-30 17:15,retail_1,retail,8.014982624504746,150,0.053,30,0,10.81,10.0,1.081,0.0,92.0,46.0,0,0
2026-01-30 18:00,retail_1,retail,11.73994783341124,150,0.078,30,0,14.16,10.0,1.416,0.0,91.3,40.0,0,0
2026-01-30 18:45,retail_1,retail,10.859944484221304,150,0.072,30,0,15.54,10.0,1.554,0.0,80.5,58.0,0,0
2026-01-30 19:30,retail_1,retail,42.9,150,0.286,30,1,13.27,10.0,1.327,0.0,80.3,0.0,0,0
2026-01-30 20:15,retail_1,retail,39.6,150,0.264,30,1,4.39,10.0,0.439,0.0,91.4,0.0,0,0
2026-01-30 21:00,retail_1,retail,35.9,150,0.239,30,1,4.9,10.0,0.49,0.0,78.8,0.0,0,0
2026-01-30 21:45,retail_1,retail,32.7,150,0.218,30,1,4.36,10.0,0.436,0.0,85.0,0.0,0,0
2026-01-30 22:30,retail_1,retail,29.5,150,0.197,30,0,4.25,10.0,0.425,0.0,92.8,50.0,0,0
2026-01-30 23:15,retail_1,retail,25.5,150,0.17,30,0,5.26,10.0,0.526,0.0,81.6,52.0,0,0
2026-01-31 00:00,retail_1,retail,23.2,150,0.155,30,0,3.14,10.0,0.314,0.0,101.0,63.0,0,0
2026-01-31 00:45,retail_1,retail,20.4,150,0.136,30,0,3.74,10.0,0.374,0.0,98.2,41.0,0,0
2026-01-31 01:30,retail_1,retail,18.1,150,0.121,30,0,3.0,10.0,0.3,0.0,77.2,36.0,0,0
2026-01-31 02:15,retail_1,retail,15.8,150,0.105,30,0,3.05,10.0,0.305,0.0,82.0,40.0,0,0
2026-01-31 03:00,retail_1,retail,13.6,150,0.091,30,0,2.95,10.0,0.295,0.0,71.9,36.0,0,0
2026-01-31 03:45,retail_1,retail,52.7,150,0.351,30,1,2.7,10.0,0.27,0.0,83.1,0.0,0,0
2026-01-31 04:30,retail_1,retail,50.1,150,0.334,30,1,3.56,10.0,0.356,0.0,94.7,0.0,0,0
2026-01-31 05:15,retail_1,retail,46.9,150,0.313,30,1,4.18,10.0,0.418,0.0,85.9,0.0,0,0
