tick,timestamp,node_id,node_type,disrupted,available_supply,production_capacity,mortality_rate,processing_capacity,output_stock,inventory_level,pending_shipments,retail_inventory,safety_stock,stockout_flag,shortage_duration,sales_rate,reorder_request,scenario_id,mode
0,2026-07-14 06:00,supplier_1,supplier,0,887.43,,,,,,,,,,,,,98,hitl
0,2026-07-14 06:00,farm_1,farm,0,,764.0,0.0246,,,,,,,,,,,98,hitl
0,2026-07-14 06:00,slaughterhouse_1,slaughterhouse,0,,,,391.0,240.22,,,,,,,,,98,hitl
0,2026-07-14 06:00,wholesaler_1,wholesaler,0,,,,,,164.58,0.0,,,,,,,98,hitl
0,2026-07-14 06:00,retail_1,retail,0,,,,,,,,87.53,30.0,0.0,0.0,2.8,0.0,98,hitl
1,2026-07-14 06:15,supplier_1,supplier,0,885.97,,,,,,,,,,,,,98,hitl
1,2026-07-14 06:15,farm_1,farm,0,,764.0,0.0246,,,,,,,,,,,98,hitl
1,2026-07-14 06:15,slaughterhouse_1,slaughterhouse,0,,,,391.0,250.29,,,,,,,,,98,hitl
1,2026-07-14 06:15,wholesaler_1,wholesaler,0,,,,,,186.0,0.0,,,,,,,98,hitl
1,2026-07-14 06:15,retail_1,retail,0,,,,,,,,94.78,30.0,0.0,0.0,2.8,0.0,98,hitl
2,2026-07-14 06:30,supplier_1,supplier,0,884.53,,,,,,,,,,,,,98,hitl
2,2026-07-14 06:30,farm_1,farm,0,,764.0,0.0246,,,,,,,,,,,98,hitl
2,2026-07-14 06:30,slaughterhouse_1,slaughterhouse,0,,,,391.0,260.49,,,,,,,,,98,hitl
2,2026-07-14 06:30,wholesaler_1,wholesaler,0,,,,,,183.28,0.0,,,,,,,98,hitl
2,2026-07-14 06:30,retail_1,retail,0,,,,,,,,94.03,30.0,0.0,0.0,2.8,0.0,98,hitl
3,2026-07-14 06:45,supplier_1,supplier,0,883.2,,,,,,,,,,,,,98,hitl
3,2026-07-14 06:45,farm_1,farm,0,,764.0,0.0246,,,,,,,,,,,98,hitl
3,2026-07-14 06:45,slaughterhouse_1,slaughterhouse,0,,,,391.0,270.61,,,,,,,,,98,hitl
3,2026-07-14 06:45,wholesaler_1,wholesaler,0,,,,,,181.77,0.0,,,,,,,98,hitl
3,2026-07-14 06:45,retail_1,retail,0,,,,,,,,93.25,30.0,0.0,0.0,2.8,0.0,98,hitl
4,2026-07-14 07:00,supplier_1,supplier,0,881.85,,,,,,,,,,,,,98,hitl
4,2026-07-14 07:00,farm_1,farm,0,,764.0,0.0246,,,,,,,,,,,98,hitl
4,2026-07-14 07:00,slaughterhouse_1,slaughterhouse,0,,,,391.0,280.69,,,,,,,,,98,hitl
4,2026-07-14 07:00,wholesaler_1,wholesaler,0,,,,,,171.01,0.0,,,,,,,98,hitl
4,2026-07-14 07:00,retail_1,retail,0,,,,,,,,92.48,30.0,0.0,0.0,2.8,0.0,98,hitl
5,2026-07-14 07:15,supplier_1,supplier,0,880.67,,,,,,,,,,,,,98,hitl
5,2026-07-14 07:15,farm_1,farm,0,,764.0,0.0246,,,,,,,,,,,98,hitl
5,2026-07-14 07:15,slaughterhouse_1,slaughterhouse,0,,,,391.0,290.94,,,,,,,,,98,hitl
5,2026-07-14 07:15,wholesaler_1,wholesaler,0,,,,,,169.16,0.0,,,,,,,98,hitl
5,2026-07-14 07:15,retail_1,retail,0,,,,,,,,99.79,30.0,0.0,0.0,2.8,0.0,98,hitl
6,2026-07-14 07:30,supplier_1,supplier,0,879.49,,,,,,,,,,,,,98,hitl
6,2026-07-14 07:30,farm_1,farm,0,,764.0,0.0246,,,,,,,,,,,98,hitl
6,2026-07-14 07:30,slaughterhouse_1,slaughterhouse,0,,,,391.0,302.0,,,,,,,,,98,hitl
6,2026-07-14 07:30,wholesaler_1,wholesaler,0,,,,,,167.6,0.0,,,,,,,98,hitl
6,2026-07-14 07:30,retail_1,retail,0,,,,,,,,99.07,30.0,0.0,0.0,2.8,0.0,98,hitl
7,2026-07-14 07:45,supplier_1,supplier,0,878.88,,,,,,,,,,,,,98,hitl
7,2026-07-14 07:45,farm_1,farm,0,,764.0,0.0246,,,,,,,,,,,98,hitl
7,2026-07-14 07:45,slaughterhouse_1,slaughterhouse,0,,,,391.0,313.06,,,,,,,,,98,hitl
7,2026-07-14 07:45,wholesaler_1,wholesaler,0,,,,,,165.3,0.0,,,,,,,98,hitl
7,2026-07-14 07:45,retail_1,retail,0,,,,,,,,98.32,30.0,0.0,0.0,2.8,0.0,98,hitl
8,2026-07-14 08:00,supplier_1,supplier,0,877.93,,,,,,,,,,,,,98,hitl
8,2026-07-14 08:00,farm_1,farm,0,,764.0,0.0246,,,,,,,,,,,98,hitl
8,2026-07-14 08:00,slaughterhouse_1,slaughterhouse,0,,,,391.0,300.71,,,,,,,,,98,hitl
8,2026-07-14 08:00,wholesaler_1,wholesaler,0,,,,,,155.09,0.0,,,,,,,98,hitl
8,2026-07-14 08:00,retail_1,retail,0,,,,,,,,97.62,30.0,0.0,0.0,2.8,0.0,98,hitl
9,2026-07-14 08:15,supplier_1,supplier,0,877.24,,,,,,,,,,,,,98,hitl
9,2026-07-14 08:15,farm_1,farm,0,,764.0,0.0246,,,,,,,,,,,98,hitl
9,2026-07-14 08:15,slaughterhouse_1,slaughterhouse,0,,,,391.0,311.98,,,,,,,,,98,hitl
9,2026-07-14 08:15,wholesaler_1,wholesaler,0,,,,,,177.28,0.0,,,,,,,98,hitl
9,2026-07-14 08:15,retail_1,retail,0,,,,,,,,104.37,30.0,0.0,0.0,2.8,0.0,98,hitl
10,2026-07-14 08:30,supplier_1,supplier,0,876.49,,,,,,,,,,,,,98,hitl
10,2026-07-14 08:30,farm_1,farm,0,,764.0,0.0246,,,,,,,,,,,98,hitl
10,2026-07-14 08:30,slaughterhouse_1,slaughterhouse,0,,,,391.0,323.46,,,,,,,,,98,hitl
10,2026-07-14 08:30,wholesaler_1,wholesaler,0,,,,,,174.5,0.0,,,,,,,98,hitl
10,2026-07-14 08:30,retail_1,retail,0,,,,,,,,103.74,30.0,0.0,0.0,2.8,0.0,98,hitl
11,2026-07-14 08:45,supplier_1,supplier,0,875.92,,,,,,,,,,,,,98,hitl
11,2026-07-14 08:45,farm_1,farm,0,,764.0,0.0246,,,,,,,,,,,98,hitl
11,2026-07-14 08:45,slaughterhouse_1,slaughterhouse,0,,,,391.0,334.32,,,,,,,,,98,hitl
11,2026-07-14 08:45,wholesaler_1,wholesaler,0,,,,,,171.7,0.0,,,,,,,98,hitl
11,2026-07-14 08:45,retail_1,retail,0,,,,,,,,103.11,30.0,0.0,0.0,2.8,0.0,98,hitl
12,2026-07-14 09:00,supplier_1,supplier,0,874.64,,,,,,,,,,,,,98,hitl
12,2026-07-14 09:00,farm_1,farm,0,,764.0,0.0246,,,,,,,,,,,98,hitl
12,2026-07-14 09:00,slaughterhouse_1,slaughterhouse,0,,,,391.0,344.53,,,,,,,,,98,hitl
12,2026-07-14 09:00,wholesaler_1,wholesaler,0,,,,,,166.74,0.0,,,,,,,98,hitl
12,2026-07-14 09:00,retail_1,retail,0,,,,,,,,102.49,30.0,0.0,0.0,2.8,0.0,98,hitl
13,2026-07-14 09:15,supplier_1,supplier,0,873.88,,,,,,,,,,,,,98,hitl
13,2026-07-14 09:15,farm_1,farm,0,,764.0,0.0246,,,,,,,,,,,98,hitl
13,2026-07-14 09:15,slaughterhouse_1,slaughterhouse,0,,,,391.0,355.68,,,,,,,,,98,hitl
13,2026-07-14 09:15,wholesaler_1,wholesaler,0,,,,,,164.57,0.0,,,,,,,98,hitl
13,2026-07-14 09:15,retail_1,retail,0,,,,,,,,104.32,30.0,0.0,0.0,2.8,0.0,98,hitl
14,2026-07-14 09:30,supplier_1,supplier,0,873.17,,,,,,,,,,,,,98,hitl
14,2026-07-14 09:30,farm_1,farm,0,,764.0,0.0246,,,,,,,,,,,98,hitl
14,2026-07-14 09:30,slaughterhouse_1,slaughterhouse,0,,,,391.0,367.29,,,,,,,,,98,hitl
14,2026-07-14 09:30,wholesaler_1,wholesaler,0,,,,,,161.96,0.0,,,,,,,98,hitl
14,2026-07-14 09:30,retail_1,retail,0,,,,,,,,103.69,30.0,0.0,0.0,2.8,0.0,98,hitl
15,2026-07-14 09:45,supplier_1,supplier,0,872.09,,,,,,,,,,,,,98,hitl
15,2026-07-14 09:45,farm_1,farm,0,,764.0,0.0246,,,,,,,,,,,98,hitl
15,2026-07-14 09:45,slaughterhouse_1,slaughterhouse,0,,,,391.0,377.75,,,,,,,,,98,hitl
15,2026-07-14 09:45,wholesaler_1,wholesaler,0,,,,,,159.68,0.0,,,,,,,98,hitl
15,2026-07-14 09:45,retail_1,retail,0,,,,,,,,102.93,30.0,0.0,0.0,2.8,0.0,98,hitl
16,2026-07-14 10:00,supplier_1,supplier,0,870.87,,,,,,,,,,,,,98,hitl
16,2026-07-14 10:00,farm_1,farm,0,,764.0,0.0246,,,,,,,,,,,98,hitl
16,2026-07-14 10:00,slaughterhouse_1,slaughterhouse,0,,,,391.0,365.14,,,,,,,,,98,hitl
16,2026-07-14 10:00,wholesaler_1,wholesaler,0,,,,,,154.5,0.0,,,,,,,98,hitl
16,2026-07-14 10:00,retail_1,retail,0,,,,,,,,102.24,30.0,0.0,0.0,2.8,0.0,98,hitl
17,2026-07-14 10:15,supplier_1,supplier,0,870.3,,,,,,,,,,,,,98,hitl
17,2026-07-14 10:15,farm_1,farm,0,,764.0,0.0246,,,,,,,,,,,98,hitl
17,2026-07-14 10:15,slaughterhouse_1,slaughterhouse,0,,,,391.0,376.83,,,,,,,,,98,hitl
17,2026-07-14 10:15,wholesaler_1,wholesaler,0,,,,,,176.87,0.0,,,,,,,98,hitl
17,2026-07-14 10:15,retail_1,retail,0,,,,,,,,104.22,30.0,0.0,0.0,2.8,0.0,98,hitl
18,2026-07-14 10:30,supplier_1,supplier,0,869.23,,,,,,,,,,,,,98,hitl
18,2026-07-14 10:30,farm_1,farm,0,,764.0,0.0246,,,,,,,,,,,98,hitl
18,2026-07-14 10:30,slaughterhouse_1,slaughterhouse,0,,,,391.0,387.93,,,,,,,,,98,hitl
18,2026-07-14 10:30,wholesaler_1,wholesaler,0,,,,,,174.09,0.0,,,,,,,98,hitl
18,2026-07-14 10:30,retail_1,retail,0,,,,,,,,103.45,30.0,0.0,0.0,2.8,0.0,98,hitl
19,2026-07-14 10:45,supplier_1,supplier,0,868.61,,,,,,,,,,,,,98,hitl
19,2026-07-14 10:45,farm_1,farm,0,,764.0,0.0246,,,,,,,,,,,98,hitl
19,2026-07-14 10:45,slaughterhouse_1,slaughterhouse,0,,,,391.0,398.17,,,,,,,,,98,hitl
19,2026-07-14 10:45,wholesaler_1,wholesaler,0,,,,,,172.35,0.0,,,,,,,98,hitl
19,2026-07-14 10:45,retail_1,retail,0,,,,,,,,102.74,30.0,0.0,0.0,2.8,0.0,98,hitl
20,2026-07-14 11:00,supplier_1,supplier,0,867.46,,,,,,,,,,,,,98,hitl
20,2026-07-14 11:00,farm_1,farm,0,,764.0,0.0246,,,,,,,,,,,98,hitl
20,2026-07-14 11:00,slaughterhouse_1,slaughterhouse,0,,,,391.0,400.0,,,,,,,,,98,hitl
20,2026-07-14 11:00,wholesaler_1,wholesaler,0,,,,,,166.95,0.0,,,,,,,98,hitl
20,2026-07-14 11:00,retail_1,retail,0,,,,,,,,101.99,30.0,0.0,0.0,2.8,0.0,98,hitl
21,2026-07-14 11:15,supplier_1,supplier,0,866.75,,,,,,,,,,,,,98,hitl
21,2026-07-14 11:15,farm_1,farm,0,,764.0,0.0246,,,,,,,,,,,98,hitl
21,2026-07-14 11:15,slaughterhouse_1,slaughterhouse,0,,,,391.0,400.0,,,,,,,,,98,hitl
21,2026-07-14 11:15,wholesaler_1,wholesaler,0,,,,,,164.15,0.0,,,,,,,98,hitl
21,2026-07-14 11:15,retail_1,retail,0,,,,,,,,104.31,30.0,0.0,0.0,2.8,0.0,98,hitl
22,2026-07-14 11:30,supplier_1,supplier,0,865.51,,,,,,,,,,,,,98,hitl
22,2026-07-14 11:30,farm_1,farm,0,,764.0,0.0246,,,,,,,,,,,98,hitl
22,2026-07-14 11:30,slaughterhouse_1,slaughterhouse,0,,,,391.0,400.0,,,,,,,,,98,hitl
22,2026-07-14 11:30,wholesaler_1,wholesaler,0,,,,,,162.45,0.0,,,,,,,98,hitl
22,2026-07-14 11:30,retail_1,retail,0,,,,,,,,103.53,30.0,0.0,0.0,2.8,0.0,98,hitl
23,2026-07-14 11:45,supplier_1,supplier,0,864.62,,,,,,,,,,,,,98,hitl
23,2026-07-14 11:45,farm_1,farm,0,,764.0,0.0246,,,,,,,,,,,98,hitl
23,2026-07-14 11:45,slaughterhouse_1,slaughterhouse,0,,,,391.0,400.0,,,,,,,,,98,hitl
23,2026-07-14 11:45,wholesaler_1,wholesaler,0,,,,,,160.36,0.0,,,,,,,98,hitl
23,2026-07-14 11:45,retail_1,retail,0,,,,,,,,102.83,30.0,0.0,0.0,2.8,0.0,98,hitl
24,2026-07-14 12:00,supplier_1,supplier,0,863.96,,,,,,,,,,,,,98,hitl
24,2026-07-14 12:00,farm_1,farm,0,,764.0,0.0246,,,,,,,,,,,98,hitl
24,2026-07-14 12:00,slaughterhouse_1,slaughterhouse,0,,,,391.0,376.0,,,,,,,,,98,hitl
24,2026-07-14 12:00,wholesaler_1,wholesaler,0,,,,,,155.0,0.0,,,,,,,98,hitl
24,2026-07-14 12:00,retail_1,retail,0,,,,,,,,102.19,30.0,0.0,0.0,2.8,0.0,98,hitl
25,2026-07-14 12:15,supplier_1,supplier,0,863.12,,,,,,,,,,,,,98,hitl
25,2026-07-14 12:15,farm_1,farm,0,,764.0,0.0246,,,,,,,,,,,98,hitl
25,2026-07-14 12:15,slaughterhouse_1,slaughterhouse,0,,,,391.0,386.08,,,,,,,,,98,hitl
25,2026-07-14 12:15,wholesaler_1,wholesaler,0,,,,,,176.88,0.0,,,,,,,98,hitl
25,2026-07-14 12:15,retail_1,retail,0,,,,,,,,104.29,30.0,0.0,0.0,2.8,0.0,98,hitl
26,2026-07-14 12:30,supplier_1,supplier,0,861.77,,,,,,,,,,,,,98,hitl
26,2026-07-14 12:30,farm_1,farm,0,,764.0,0.0246,,,,,,,,,,,98,hitl
26,2026-07-14 12:30,slaughterhouse_1,slaughterhouse,0,,,,391.0,397.55,,,,,,,,,98,hitl
26,2026-07-14 12:30,wholesaler_1,wholesaler,0,,,,,,174.09,0.0,,,,,,,98,hitl
26,2026-07-14 12:30,retail_1,retail,0,,,,,,,,103.61,30.0,0.0,0.0,2.8,0.0,98,hitl
27,2026-07-14 12:45,supplier_1,supplier,0,860.38,,,,,,,,,,,,,98,hitl
27,2026-07-14 12:45,farm_1,farm,0,,764.0,0.0246,,,,,,,,,,,98,hitl
27,2026-07-14 12:45,slaughterhouse_1,slaughterhouse,0,,,,391.0,400.0,,,,,,,,,98,hitl
27,2026-07-14 12:45,wholesaler_1,wholesaler,0,,,,,,172.05,0.0,,,,,,,98,hitl
27,2026-07-14 12:45,retail_1,retail,0,,,,,,,,102.97,30.0,0.0,0.0,2.8,0.0,98,hitl
28,2026-07-14 13:00,supplier_1,supplier,0,859.71,,,,,,,,,,,,,98,hitl
28,2026-07-14 13:00,farm_1,farm,0,,764.0,0.0246,,,,,,,,,,,98,hitl
28,2026-07-14 13:00,slaughterhouse_1,slaughterhouse,0,,,,391.0,400.0,,,,,,,,,98,hitl
28,2026-07-14 13:00,wholesaler_1,wholesaler,0,,,,,,167.35,0.0,,,,,,,98,hitl
28,2026-07-14 13:00,retail_1,retail,0,,,,,,,,102.27,30.0,0.0,0.0,2.8,0.0,98,hitl
29,2026-07-14 13:15,supplier_1,supplier,0,858.9,,,,,,,,,,,,,98,hitl
29,2026-07-14 13:15,farm_1,farm,0,,764.0,0.0246,,,,,,,,,,,98,hitl
29,2026-07-14 13:15,slaughterhouse_1,slaughterhouse,0,,,,391.0,400.0,,,,,,,,,98,hitl
29,2026-07-14 13:15,wholesaler_1,wholesaler,0,,,,,,165.21,0.0,,,,,,,98,hitl
29,2026-07-14 13:15,retail_1,retail,0,,,,,,,,104.33,30.0,0.0,0.0,2.8,0.0,98,hitl
30,2026-07-14 13:30,supplier_1,supplier,0,857.54,,,,,,,,,,,,,98,hitl
30,2026-07-14 13:30,farm_1,farm,0,,764.0,0.0246,,,,,,,,,,,98,hitl
30,2026-07-14 13:30,slaughterhouse_1,slaughterhouse,0,,,,391.0,400.0,,,,,,,,,98,hitl
30,2026-07-14 13:30,wholesaler_1,wholesaler,0,,,,,,162.88,0.0,,,,,,,98,hitl
30,2026-07-14 13:30,retail_1,retail,0,,,,,,,,103.68,30.0,0.0,0.0,2.8,0.0,98,hitl
31,2026-07-14 13:45,supplier_1,supplier,0,856.42,,,,,,,,,,,,,98,hitl
31,2026-07-14 13:45,farm_1,farm,0,,764.0,0.0246,,,,,,,,,,,98,hitl
31,2026-07-14 13:45,slaughterhouse_1,slaughterhouse,0,,,,391.0,400.0,,,,,,,,,98,hitl
31,2026-07-14 13:45,wholesaler_1,wholesaler,0,,,,,,160.15,0.0,,,,,,,98,hitl
31,2026-07-14 13:45,retail_1,retail,0,,,,,,,,103.05,30.0,0.0,0.0,2.8,0.0,98,hitl
32,2026-07-14 14:00,supplier_1,supplier,0,855.9,,,,,,,,,,,,,98,hitl
32,2026-07-14 14:00,farm_1,farm,0,,764.0,0.0246,,,,,,,,,,,98,hitl
32,2026-07-14 14:00,slaughterhouse_1,slaughterhouse,0,,,,391.0,376.0,,,,,,,,,98,hitl
32,2026-07-14 14:00,wholesaler_1,wholesaler,0,,,,,,155.5,0.0,,,,,,,98,hitl
32,2026-07-14 14:00,retail_1,retail,0,,,,,,,,102.31,30.0,0.0,0.0,2.8,0.0,98,hitl
33,2026-07-14 14:15,supplier_1,supplier,0,854.54,,,,,,,,,,,,,98,hitl
33,2026-07-14 14:15,farm_1,farm,0,,764.0,0.0246,,,,,,,,,,,98,hitl
33,2026-07-14 14:15,slaughterhouse_1,slaughterhouse,0,,,,391.0,387.56,,,,,,,,,98,hitl
33,2026-07-14 14:15,wholesaler_1,wholesaler,0,,,,,,177.78,0.0,,,,,,,98,hitl
33,2026-07-14 14:15,retail_1,retail,0,,,,,,,,104.33,30.0,0.0,0.0,2.8,0.0,98,hitl
34,2026-07-14 14:30,supplier_1,supplier,0,853.21,,,,,,,,,,,,,98,hitl
34,2026-07-14 14:30,farm_1,farm,0,,764.0,0.0246,,,,,,,,,,,98,hitl
34,2026-07-14 14:30,slaughterhouse_1,slaughterhouse,0,,,,391.0,397.87,,,,,,,,,98,hitl
34,2026-07-14 14:30,wholesaler_1,wholesaler,0,,,,,,175.82,0.0,,,,,,,98,hitl
34,2026-07-14 14:30,retail_1,retail,0,,,,,,,,103.57,30.0,0.0,0.0,2.8,0.0,98,hitl
35,2026-07-14 14:45,supplier_1,supplier,0,852.36,,,,,,,,,,,,,98,hitl
35,2026-07-14 14:45,farm_1,farm,0,,764.0,0.0246,,,,,,,,,,,98,hitl
35,2026-07-14 14:45,slaughterhouse_1,slaughterhouse,0,,,,391.0,400.0,,,,,,,,,98,hitl
35,2026-07-14 14:45,wholesaler_1,wholesaler,0,,,,,,173.34,0.0,,,,,,,98,hitl
35,2026-07-14 14:45,retail_1,retail,0,,,,,,,,102.85,30.0,0.0,0.0,2.8,0.0,98,hitl
36,2026-07-14 15:00,supplier_1,supplier,0,851.39,,,,,,,,,,,,,98,hitl
36,2026-07-14 15:00,farm_1,farm,1,,764.0,0.0246,,,,,,,,,,,98,hitl
36,2026-07-14 15:00,slaughterhouse_1,slaughterhouse,0,,,,347.99,400.0,,,,,,,,,98,hitl
36,2026-07-14 15:00,wholesaler_1,wholesaler,0,,,,,,168.48,0.0,,,,,,,98,hitl
36,2026-07-14 15:00,retail_1,retail,0,,,,,,,,102.2,30.0,0.0,0.0,2.8,15.738,98,hitl
37,2026-07-14 15:15,supplier_1,supplier,0,850.8,,,,,,,,,,,,,98,hitl
37,2026-07-14 15:15,farm_1,farm,1,,764.0,0.0246,,,,,,,,,,,98,hitl
37,2026-07-14 15:15,slaughterhouse_1,slaughterhouse,0,,,,347.99,400.0,,,,,,,,,98,hitl
37,2026-07-14 15:15,wholesaler_1,wholesaler,0,,,,,,166.35,0.0,,,,,,,98,hitl
37,2026-07-14 15:15,retail_1,retail,0,,,,,,,,104.38,30.0,0.0,0.0,2.8,15.738,98,hitl
38,2026-07-14 15:30,supplier_1,supplier,0,849.74,,,,,,,,,,,,,98,hitl
38,2026-07-14 15:30,farm_1,farm,1,,764.0,0.0246,,,,,,,,,,,98,hitl
38,2026-07-14 15:30,slaughterhouse_1,slaughterhouse,0,,,,347.99,400.0,,,,,,,,,98,hitl
38,2026-07-14 15:30,wholesaler_1,wholesaler,0,,,,,,164.75,0.0,,,,,,,98,hitl
38,2026-07-14 15:30,retail_1,retail,0,,,,,,,,103.65,30.0,0.0,0.0,2.8,15.738,98,hitl
39,2026-07-14 15:45,supplier_1,supplier,0,849.12,,,,,,,,,,,,,98,hitl
39,2026-07-14 15:45,farm_1,farm,1,,764.0,0.0246,,,,,,,,,,,98,hitl
39,2026-07-14 15:45,slaughterhouse_1,slaughterhouse,0,,,,347.99,400.0,,,,,,,,,98,hitl
39,2026-07-14 15:45,wholesaler_1,wholesaler,0,,,,,,162.79,0.0,,,,,,,98,hitl
39,2026-07-14 15:45,retail_1,retail,0,,,,,,,,102.91,30.0,0.0,0.0,2.8,15.738,98,hitl
40,2026-07-14 16:00,supplier_1,supplier,0,848.12,,,,,,,,,,,,,98,hitl
40,2026-07-14 16:00,farm_1,farm,1,,764.0,0.0246,,,,,,,,,,,98,hitl
40,2026-07-14 16:00,slaughterhouse_1,slaughterhouse,0,,,,347.99,376.0,,,,,,,,,98,hitl
40,2026-07-14 16:00,wholesaler_1,wholesaler,0,,,,,,158.24,0.0,,,,,,,98,hitl
40,2026-07-14 16:00,retail_1,retail,0,,,,,,,,102.14,30.0,0.0,0.0,2.8,15.738,98,hitl
41,2026-07-14 16:15,supplier_1,supplier,0,847.04,,,,,,,,,,,,,98,hitl
41,2026-07-14 16:15,farm_1,farm,1,,764.0,0.0246,,,,,,,,,,,98,hitl
41,2026-07-14 16:15,slaughterhouse_1,slaughterhouse,0,,,,347.99,385.16,,,,,,,,,98,hitl
41,2026-07-14 16:15,wholesaler_1,wholesaler,0,,,,,,180.04,0.0,,,,,,,98,hitl
41,2026-07-14 16:15,retail_1,retail,0,,,,,,,,104.37,30.0,0.0,0.0,2.8,15.738,98,hitl
42,2026-07-14 16:30,supplier_1,supplier,0,845.66,,,,,,,,,,,,,98,hitl
42,2026-07-14 16:30,farm_1,farm,1,,764.0,0.0246,,,,,,,,,,,98,hitl
42,2026-07-14 16:30,slaughterhouse_1,slaughterhouse,0,,,,347.99,394.54,,,,,,,,,98,hitl
42,2026-07-14 16:30,wholesaler_1,wholesaler,0,,,,,,177.46,0.0,,,,,,,98,hitl
42,2026-07-14 16:30,retail_1,retail,0,,,,,,,,103.75,30.0,0.0,0.0,2.8,15.738,98,hitl
43,2026-07-14 16:45,supplier_1,supplier,0,844.21,,,,,,,,,,,,,98,hitl
43,2026-07-14 16:45,farm_1,farm,1,,764.0,0.0246,,,,,,,,,,,98,hitl
43,2026-07-14 16:45,slaughterhouse_1,slaughterhouse,0,,,,347.99,400.0,,,,,,,,,98,hitl
43,2026-07-14 16:45,wholesaler_1,wholesaler,0,,,,,,175.7,0.0,,,,,,,98,hitl
43,2026-07-14 16:45,retail_1,retail,0,,,,,,,,103.03,30.0,0.0,0.0,2.8,15.738,98,hitl
44,2026-07-14 17:00,supplier_1,supplier,0,842.73,,,,,,,,,,,,,98,hitl
44,2026-07-14 17:00,farm_1,farm,1,,764.0,0.0246,,,,,,,,,,,98,hitl
44,2026-07-14 17:00,slaughterhouse_1,slaughterhouse,0,,,,347.99,400.0,,,,,,,,,98,hitl
44,2026-07-14 17:00,wholesaler_1,wholesaler,0,,,,,,170.43,0.0,,,,,,,98,hitl
44,2026-07-14 17:00,retail_1,retail,0,,,,,,,,102.26,30.0,0.0,0.0,2.8,15.738,98,hitl
45,2026-07-14 17:15,supplier_1,supplier,0,841.83,,,,,,,,,,,,,98,hitl
45,2026-07-14 17:15,farm_1,farm,1,,764.0,0.0246,,,,,,,,,,,98,hitl
45,2026-07-14 17:15,slaughterhouse_1,slaughterhouse,0,,,,347.99,400.0,,,,,,,,,98,hitl
45,2026-07-14 17:15,wholesaler_1,wholesaler,0,,,,,,168.45,0.0,,,,,,,98,hitl
45,2026-07-14 17:15,retail_1,retail,0,,,,,,,,104.31,30.0,0.0,0.0,2.8,15.738,98,hitl
46,2026-07-14 17:30,supplier_1,supplier,0,840.67,,,,,,,,,,,,,98,hitl
46,2026-07-14 17:30,farm_1,farm,1,,764.0,0.0246,,,,,,,,,,,98,hitl
46,2026-07-14 17:30,slaughterhouse_1,slaughterhouse,0,,,,347.99,400.0,,,,,,,,,98,hitl
46,2026-07-14 17:30,wholesaler_1,wholesaler,0,,,,,,166.16,0.0,,,,,,,98,hitl
46,2026-07-14 17:30,retail_1,retail,0,,,,,,,,103.64,30.0,0.0,0.0,2.8,15.738,98,hitl
47,2026-07-14 17:45,supplier_1,supplier,0,839.46,,,,,,,,,,,,,98,hitl
47,2026-07-14 17:45,farm_1,farm,1,,764.0,0.0246,,,,,,,,,,,98,hitl
47,2026-07-14 17:45,slaughterhouse_1,slaughterhouse,0,,,,347.99,400.0,,,,,,,,,98,hitl
47,2026-07-14 17:45,wholesaler_1,wholesaler,0,,,,,,163.25,0.0,,,,,,,98,hitl
47,2026-07-14 17:45,retail_1,retail,0,,,,,,,,102.93,30.0,0.0,0.0,2.8,15.738,98,hitl
48,2026-07-14 18:00,supplier_1,supplier,0,838.0,,,,,,,,,,,,,98,hitl
48,2026-07-14 18:00,farm_1,farm,1,,764.0,0.0246,,,,,,,,,,,98,hitl
48,2026-07-14 18:00,slaughterhouse_1,slaughterhouse,0,,,,347.99,376.0,,,,,,,,,98,hitl
48,2026-07-14 18:00,wholesaler_1,wholesaler,0,,,,,,158.78,0.0,,,,,,,98,hitl
48,2026-07-14 18:00,retail_1,retail,0,,,,,,,,102.19,30.0,0.0,0.0,2.8,15.738,98,hitl
49,2026-07-14 18:15,supplier_1,supplier,0,837.3,,,,,,,,,,,,,98,hitl
49,2026-07-14 18:15,farm_1,farm,1,,764.0,0.0246,,,,,,,,,,,98,hitl
49,2026-07-14 18:15,slaughterhouse_1,slaughterhouse,0,,,,347.99,385.75,,,,,,,,,98,hitl
49,2026-07-14 18:15,wholesaler_1,wholesaler,0,,,,,,180.38,0.0,,,,,,,98,hitl
49,2026-07-14 18:15,retail_1,retail,0,,,,,,,,104.34,30.0,0.0,0.0,2.8,15.738,98,hitl
50,2026-07-14 18:30,supplier_1,supplier,0,836.28,,,,,,,,,,,,,98,hitl
50,2026-07-14 18:30,farm_1,farm,1,,764.0,0.0246,,,,,,,,,,,98,hitl
50,2026-07-14 18:30,slaughterhouse_1,slaughterhouse,0,,,,347.99,394.66,,,,,,,,,98,hitl
50,2026-07-14 18:30,wholesaler_1,wholesaler,0,,,,,,178.83,0.0,,,,,,,98,hitl
50,2026-07-14 18:30,retail_1,retail,0,,,,,,,,103.72,30.0,0.0,0.0,2.8,15.738,98,hitl
51,2026-07-14 18:45,supplier_1,supplier,0,835.01,,,,,,,,,,,,,98,hitl
51,2026-07-14 18:45,farm_1,farm,1,,764.0,0.0246,,,,,,,,,,,98,hitl
51,2026-07-14 18:45,slaughterhouse_1,slaughterhouse,0,,,,347.99,400.0,,,,,,,,,98,hitl
51,2026-07-14 18:45,wholesaler_1,wholesaler,0,,,,,,176.78,0.0,,,,,,,98,hitl
51,2026-07-14 18:45,retail_1,retail,0,,,,,,,,103.0,30.0,0.0,0.0,2.8,15.738,98,hitl
52,2026-07-14 19:00,supplier_1,supplier,0,833.76,,,,,,,,,,,,,98,hitl
52,2026-07-14 19:00,farm_1,farm,1,,764.0,0.0246,,,,,,,,,,,98,hitl
52,2026-07-14 19:00,slaughterhouse_1,slaughterhouse,0,,,,347.99,400.0,,,,,,,,,98,hitl
52,2026-07-14 19:00,wholesaler_1,wholesaler,0,,,,,,171.28,0.0,,,,,,,98,hitl
52,2026-07-14 19:00,retail_1,retail,0,,,,,,,,102.34,30.0,0.0,0.0,2.8,15.738,98,hitl
53,2026-07-14 19:15,supplier_1,supplier,0,832.49,,,,,,,,,,,,,98,hitl
53,2026-07-14 19:15,farm_1,farm,1,,764.0,0.0246,,,,,,,,,,,98,hitl
53,2026-07-14 19:15,slaughterhouse_1,slaughterhouse,0,,,,347.99,400.0,,,,,,,,,98,hitl
53,2026-07-14 19:15,wholesaler_1,wholesaler,0,,,,,,168.63,0.0,,,,,,,98,hitl
53,2026-07-14 19:15,retail_1,retail,0,,,,,,,,104.3,30.0,0.0,0.0,2.8,15.738,98,hitl
54,2026-07-14 19:30,supplier_1,supplier,0,831.63,,,,,,,,,,,,,98,hitl
54,2026-07-14 19:30,farm_1,farm,1,,764.0,0.0246,,,,,,,,,,,98,hitl
54,2026-07-14 19:30,slaughterhouse_1,slaughterhouse,0,,,,347.99,400.0,,,,,,,,,98,hitl
54,2026-07-14 19:30,wholesaler_1,wholesaler,0,,,,,,166.67,0.0,,,,,,,98,hitl
54,2026-07-14 19:30,retail_1,retail,0,,,,,,,,103.67,30.0,0.0,0.0,2.8,15.738,98,hitl
55,2026-07-14 19:45,supplier_1,supplier,0,830.24,,,,,,,,,,,,,98,hitl
55,2026-07-14 19:45,farm_1,farm,1,,764.0,0.0246,,,,,,,,,,,98,hitl
55,2026-07-14 19:45,slaughterhouse_1,slaughterhouse,0,,,,347.99,400.0,,,,,,,,,98,hitl
55,2026-07-14 19:45,wholesaler_1,wholesaler,0,,,,,,163.73,0.0,,,,,,,98,hitl
55,2026-07-14 19:45,retail_1,retail,0,,,,,,,,102.97,30.0,0.0,0.0,2.8,15.738,98,hitl
56,2026-07-14 20:00,supplier_1,supplier,0,829.1,,,,,,,,,,,,,98,hitl
56,2026-07-14 20:00,farm_1,farm,1,,764.0,0.0246,,,,,,,,,,,98,hitl
56,2026-07-14 20:00,slaughterhouse_1,slaughterhouse,0,,,,347.99,376.0,,,,,,,,,98,hitl
56,2026-07-14 20:00,wholesaler_1,wholesaler,0,,,,,,159.47,0.0,,,,,,,98,hitl
56,2026-07-14 20:00,retail_1,retail,0,,,,,,,,102.35,30.0,0.0,0.0,2.8,15.738,98,hitl
57,2026-07-14 20:15,supplier_1,supplier,0,827.69,,,,,,,,,,,,,98,hitl
57,2026-07-14 20:15,farm_1,farm,1,,764.0,0.0246,,,,,,,,,,,98,hitl
57,2026-07-14 20:15,slaughterhouse_1,slaughterhouse,0,,,,347.99,386.08,,,,,,,,,98,hitl
57,2026-07-14 20:15,wholesaler_1,wholesaler,0,,,,,,180.61,0.0,,,,,,,98,hitl
57,2026-07-14 20:15,retail_1,retail,0,,,,,,,,104.27,30.0,0.0,0.0,2.8,15.738,98,hitl
58,2026-07-14 20:30,supplier_1,supplier,0,826.27,,,,,,,,,,,,,98,hitl
58,2026-07-14 20:30,farm_1,farm,1,,764.0,0.0246,,,,,,,,,,,98,hitl
58,2026-07-14 20:30,slaughterhouse_1,slaughterhouse,0,,,,347.99,395.7,,,,,,,,,98,hitl
58,2026-07-14 20:30,wholesaler_1,wholesaler,0,,,,,,178.68,0.0,,,,,,,98,hitl
58,2026-07-14 20:30,retail_1,retail,0,,,,,,,,103.49,30.0,0.0,0.0,2.8,15.738,98,hitl
59,2026-07-14 20:45,supplier_1,supplier,0,825.65,,,,,,,,,,,,,98,hitl
59,2026-07-14 20:45,farm_1,farm,1,,764.0,0.0246,,,,,,,,,,,98,hitl
59,2026-07-14 20:45,slaughterhouse_1,slaughterhouse,0,,,,347.99,400.0,,,,,,,,,98,hitl
59,2026-07-14 20:45,wholesaler_1,wholesaler,0,,,,,,176.87,0.0,,,,,,,98,hitl
59,2026-07-14 20:45,retail_1,retail,0,,,,,,,,102.79,30.0,0.0,0.0,2.8,15.738,98,hitl
60,2026-07-14 21:00,supplier_1,supplier,0,824.33,,,,,,,,,,,,,98,hitl
60,2026-07-14 21:00,farm_1,farm,1,,764.0,0.0246,,,,,,,,,,,98,hitl
60,2026-07-14 21:00,slaughterhouse_1,slaughterhouse,0,,,,347.99,400.0,,,,,,,,,98,hitl
60,2026-07-14 21:00,wholesaler_1,wholesaler,0,,,,,,171.11,0.0,,,,,,,98,hitl
60,2026-07-14 21:00,retail_1,retail,0,,,,,,,,102.17,30.0,0.0,0.0,2.8,15.738,98,hitl
61,2026-07-14 21:15,supplier_1,supplier,0,823.81,,,,,,,,,,,,,98,hitl
61,2026-07-14 21:15,farm_1,farm,1,,764.0,0.0246,,,,,,,,,,,98,hitl
61,2026-07-14 21:15,slaughterhouse_1,slaughterhouse,0,,,,347.99,400.0,,,,,,,,,98,hitl
61,2026-07-14 21:15,wholesaler_1,wholesaler,0,,,,,,168.37,0.0,,,,,,,98,hitl
61,2026-07-14 21:15,retail_1,retail,0,,,,,,,,104.31,30.0,0.0,0.0,2.8,15.738,98,hitl
62,2026-07-14 21:30,supplier_1,supplier,0,822.53,,,,,,,,,,,,,98,hitl
62,2026-07-14 21:30,farm_1,farm,1,,764.0,0.0246,,,,,,,,,,,98,hitl
62,2026-07-14 21:30,slaughterhouse_1,slaughterhouse,0,,,,347.99,400.0,,,,,,,,,98,hitl
62,2026-07-14 21:30,wholesaler_1,wholesaler,0,,,,,,166.39,0.0,,,,,,,98,hitl
62,2026-07-14 21:30,retail_1,retail,0,,,,,,,,103.56,30.0,0.0,0.0,2.8,15.738,98,hitl
63,2026-07-14 21:45,supplier_1,supplier,0,821.97,,,,,,,,,,,,,98,hitl
63,2026-07-14 21:45,farm_1,farm,1,,764.0,0.0246,,,,,,,,,,,98,hitl
63,2026-07-14 21:45,slaughterhouse_1,slaughterhouse,0,,,,347.99,400.0,,,,,,,,,98,hitl
63,2026-07-14 21:45,wholesaler_1,wholesaler,0,,,,,,164.1,0.0,,,,,,,98,hitl
63,2026-07-14 21:45,retail_1,retail,0,,,,,,,,102.85,30.0,0.0,0.0,2.8,15.738,98,hitl
64,2026-07-14 22:00,supplier_1,supplier,0,820.66,,,,,,,,,,,,,98,hitl
64,2026-07-14 22:00,farm_1,farm,1,,764.0,0.0246,,,,,,,,,,,98,hitl
64,2026-07-14 22:00,slaughterhouse_1,slaughterhouse,0,,,,347.99,376.0,,,,,,,,,98,hitl
64,2026-07-14 22:00,wholesaler_1,wholesaler,0,,,,,,158.27,0.0,,,,,,,98,hitl
64,2026-07-14 22:00,retail_1,retail,0,,,,,,,,102.13,30.0,0.0,0.0,2.8,15.738,98,hitl
65,2026-07-14 22:15,supplier_1,supplier,0,819.68,,,,,,,,,,,,,98,hitl
65,2026-07-14 22:15,farm_1,farm,1,,764.0,0.0246,,,,,,,,,,,98,hitl
65,2026-07-14 22:15,slaughterhouse_1,slaughterhouse,0,,,,347.99,386.12,,,,,,,,,98,hitl
65,2026-07-14 22:15,wholesaler_1,wholesaler,0,,,,,,179.89,0.0,,,,,,,98,hitl
65,2026-07-14 22:15,retail_1,retail,0,,,,,,,,104.29,30.0,0.0,0.0,2.8,15.738,98,hitl
66,2026-07-14 22:30,supplier_1,supplier,0,818.87,,,,,,,,,,,,,98,hitl
66,2026-07-14 22:30,farm_1,farm,1,,764.0,0.0246,,,,,,,,,,,98,hitl
66,2026-07-14 22:30,slaughterhouse_1,slaughterhouse,0,,,,347.99,396.07,,,,,,,,,98,hitl
66,2026-07-14 22:30,wholesaler_1,wholesaler,0,,,,,,177.63,0.0,,,,,,,98,hitl
66,2026-07-14 22:30,retail_1,retail,0,,,,,,,,103.54,30.0,0.0,0.0,2.8,15.738,98,hitl
67,2026-07-14 22:45,supplier_1,supplier,0,817.98,,,,,,,,,,,,,98,hitl
67,2026-07-14 22:45,farm_1,farm,1,,764.0,0.0246,,,,,,,,,,,98,hitl
67,2026-07-14 22:45,slaughterhouse_1,slaughterhouse,0,,,,347.99,400.0,,,,,,,,,98,hitl
67,2026-07-14 22:45,wholesaler_1,wholesaler,0,,,,,,175.26,0.0,,,,,,,98,hitl
67,2026-07-14 22:45,retail_1,retail,0,,,,,,,,102.84,30.0,0.0,0.0,2.8,15.738,98,hitl
68,2026-07-14 23:00,supplier_1,supplier,0,816.99,,,,,,,,,,,,,98,hitl
68,2026-07-14 23:00,farm_1,farm,1,,764.0,0.0246,,,,,,,,,,,98,hitl
68,2026-07-14 23:00,slaughterhouse_1,slaughterhouse,0,,,,347.99,400.0,,,,,,,,,98,hitl
68,2026-07-14 23:00,wholesaler_1,wholesaler,0,,,,,,170.55,0.0,,,,,,,98,hitl
68,2026-07-14 23:00,retail_1,retail,0,,,,,,,,102.14,30.0,0.0,0.0,2.8,15.738,98,hitl
69,2026-07-14 23:15,supplier_1,supplier,0,815.55,,,,,,,,,,,,,98,hitl
69,2026-07-14 23:15,farm_1,farm,1,,764.0,0.0246,,,,,,,,,,,98,hitl
69,2026-07-14 23:15,slaughterhouse_1,slaughterhouse,0,,,,347.99,400.0,,,,,,,,,98,hitl
69,2026-07-14 23:15,wholesaler_1,wholesaler,0,,,,,,168.0,0.0,,,,,,,98,hitl
69,2026-07-14 23:15,retail_1,retail,0,,,,,,,,104.3,30.0,0.0,0.0,2.8,15.738,98,hitl
70,2026-07-14 23:30,supplier_1,supplier,0,814.22,,,,,,,,,,,,,98,hitl
70,2026-07-14 23:30,farm_1,farm,1,,764.0,0.0246,,,,,,,,,,,98,hitl
70,2026-07-14 23:30,slaughterhouse_1,slaughterhouse,0,,,,347.99,400.0,,,,,,,,,98,hitl
70,2026-07-14 23:30,wholesaler_1,wholesaler,0,,,,,,165.83,0.0,,,,,,,98,hitl
70,2026-07-14 23:30,retail_1,retail,0,,,,,,,,103.53,30.0,0.0,0.0,2.8,15.738,98,hitl
71,2026-07-14 23:45,supplier_1,supplier,0,812.93,,,,,,,,,,,,,98,hitl
71,2026-07-14 23:45,farm_1,farm,1,,764.0,0.0246,,,,,,,,,,,98,hitl
71,2026-07-14 23:45,slaughterhouse_1,slaughterhouse,0,,,,347.99,400.0,,,,,,,,,98,hitl
71,2026-07-14 23:45,wholesaler_1,wholesaler,0,,,,,,162.89,0.0,,,,,,,98,hitl
71,2026-07-14 23:45,retail_1,retail,0,,,,,,,,102.9,30.0,0.0,0.0,2.8,15.738,98,hitl
72,2026-07-15 00:00,supplier_1,supplier,0,811.63,,,,,,,,,,,,,98,hitl
72,2026-07-15 00:00,farm_1,farm,0,,764.0,0.0246,,,,,,,,,,,98,hitl
72,2026-07-15 00:00,slaughterhouse_1,slaughterhouse,0,,,,347.99,376.0,,,,,,,,,98,hitl
72,2026-07-15 00:00,wholesaler_1,wholesaler,0,,,,,,158.48,0.0,,,,,,,98,hitl
72,2026-07-15 00:00,retail_1,retail,0,,,,,,,,102.28,30.0,0.0,0.0,2.8,15.738,98,hitl
73,2026-07-15 00:15,supplier_1,supplier,0,810.18,,,,,,,,,,,,,98,hitl
73,2026-07-15 00:15,farm_1,farm,0,,764.0,0.0246,,,,,,,,,,,98,hitl
73,2026-07-15 00:15,slaughterhouse_1,slaughterhouse,0,,,,347.99,385.78,,,,,,,,,98,hitl
73,2026-07-15 00:15,wholesaler_1,wholesaler,0,,,,,,179.82,0.0,,,,,,,98,hitl
73,2026-07-15 00:15,retail_1,retail,0,,,,,,,,104.29,30.0,0.0,0.0,2.8,15.738,98,hitl
74,2026-07-15 00:30,supplier_1,supplier,0,809.33,,,,,,,,,,,,,98,hitl
74,2026-07-15 00:30,farm_1,farm,0,,764.0,0.0246,,,,,,,,,,,98,hitl
74,2026-07-15 00:30,slaughterhouse_1,slaughterhouse,0,,,,347.99,394.97,,,,,,,,,98,hitl
74,2026-07-15 00:30,wholesaler_1,wholesaler,0,,,,,,177.24,0.0,,,,,,,98,hitl
74,2026-07-15 00:30,retail_1,retail,0,,,,,,,,103.66,30.0,0.0,0.0,2.8,15.738,98,hitl
75,2026-07-15 00:45,supplier_1,supplier,0,808.21,,,,,,,,,,,,,98,hitl
75,2026-07-15 00:45,farm_1,farm,0,,764.0,0.0246,,,,,,,,,,,98,hitl
75,2026-07-15 00:45,slaughterhouse_1,slaughterhouse,0,,,,347.99,400.0,,,,,,,,,98,hitl
75,2026-07-15 00:45,wholesaler_1,wholesaler,0,,,,,,175.01,0.0,,,,,,,98,hitl
75,2026-07-15 00:45,retail_1,retail,0,,,,,,,,102.99,30.0,0.0,0.0,2.8,15.738,98,hitl
76,2026-07-15 01:00,supplier_1,supplier,0,806.78,,,,,,,,,,,,,98,hitl
76,2026-07-15 01:00,farm_1,farm,1,,515.0,0.088,,,,,,,,,,,98,hitl
76,2026-07-15 01:00,slaughterhouse_1,slaughterhouse,0,,,,347.99,400.0,,,,,,,,,98,hitl
76,2026-07-15 01:00,wholesaler_1,wholesaler,0,,,,,,169.39,0.0,,,,,,,98,hitl
76,2026-07-15 01:00,retail_1,retail,0,,,,,,,,102.31,30.0,0.0,0.0,2.8,15.738,98,hitl
77,2026-07-15 01:15,supplier_1,supplier,0,806.04,,,,,,,,,,,,,98,hitl
77,2026-07-15 01:15,farm_1,farm,1,,515.0,0.088,,,,,,,,,,,98,hitl
77,2026-07-15 01:15,slaughterhouse_1,slaughterhouse,0,,,,347.99,400.0,,,,,,,,,98,hitl
77,2026-07-15 01:15,wholesaler_1,wholesaler,0,,,,,,167.31,0.0,,,,,,,98,hitl
77,2026-07-15 01:15,retail_1,retail,0,,,,,,,,104.25,30.0,0.0,0.0,2.8,15.738,98,hitl
78,2026-07-15 01:30,supplier_1,supplier,0,804.83,,,,,,,,,,,,,98,hitl
78,2026-07-15 01:30,farm_1,farm,1,,515.0,0.088,,,,,,,,,,,98,hitl
78,2026-07-15 01:30,slaughterhouse_1,slaughterhouse,0,,,,347.99,400.0,,,,,,,,,98,hitl
78,2026-07-15 01:30,wholesaler_1,wholesaler,0,,,,,,164.34,0.0,,,,,,,98,hitl
78,2026-07-15 01:30,retail_1,retail,0,,,,,,,,103.51,30.0,0.0,0.0,2.8,15.738,98,hitl
79,2026-07-15 01:45,supplier_1,supplier,0,804.07,,,,,,,,,,,,,98,hitl
79,2026-07-15 01:45,farm_1,farm,1,,515.0,0.088,,,,,,,,,,,98,hitl
79,2026-07-15 01:45,slaughterhouse_1,slaughterhouse,0,,,,347.99,400.0,,,,,,,,,98,hitl
79,2026-07-15 01:45,wholesaler_1,wholesaler,0,,,,,,161.39,0.0,,,,,,,98,hitl
79,2026-07-15 01:45,retail_1,retail,0,,,,,,,,102.77,30.0,0.0,0.0,2.8,15.738,98,hitl
80,2026-07-15 02:00,supplier_1,supplier,0,803.29,,,,,,,,,,,,,98,hitl
80,2026-07-15 02:00,farm_1,farm,1,,515.0,0.088,,,,,,,,,,,98,hitl
80,2026-07-15 02:00,slaughterhouse_1,slaughterhouse,0,,,,347.99,376.0,,,,,,,,,98,hitl
80,2026-07-15 02:00,wholesaler_1,wholesaler,0,,,,,,155.44,0.0,,,,,,,98,hitl
80,2026-07-15 02:00,retail_1,retail,0,,,,,,,,102.04,30.0,0.0,0.0,2.8,15.738,98,hitl
81,2026-07-15 02:15,supplier_1,supplier,0,802.52,,,,,,,,,,,,,98,hitl
81,2026-07-15 02:15,farm_1,farm,1,,515.0,0.088,,,,,,,,,,,98,hitl
81,2026-07-15 02:15,slaughterhouse_1,slaughterhouse,0,,,,347.99,386.0,,,,,,,,,98,hitl
81,2026-07-15 02:15,wholesaler_1,wholesaler,0,,,,,,177.64,0.0,,,,,,,98,hitl
81,2026-07-15 02:15,retail_1,retail,0,,,,,,,,104.22,30.0,0.0,0.0,2.8,15.738,98,hitl
82,2026-07-15 02:30,supplier_1,supplier,0,801.52,,,,,,,,,,,,,98,hitl
82,2026-07-15 02:30,farm_1,farm,1,,515.0,0.088,,,,,,,,,,,98,hitl
82,2026-07-15 02:30,slaughterhouse_1,slaughterhouse,0,,,,347.99,395.77,,,,,,,,,98,hitl
82,2026-07-15 02:30,wholesaler_1,wholesaler,0,,,,,,175.76,0.0,,,,,,,98,hitl
82,2026-07-15 02:30,retail_1,retail,0,,,,,,,,103.47,30.0,0.0,0.0,2.8,15.738,98,hitl
83,2026-07-15 02:45,supplier_1,supplier,0,800.2,,,,,,,,,,,,,98,hitl
83,2026-07-15 02:45,farm_1,farm,1,,515.0,0.088,,,,,,,,,,,98,hitl
83,2026-07-15 02:45,slaughterhouse_1,slaughterhouse,0,,,,347.99,400.0,,,,,,,,,98,hitl
83,2026-07-15 02:45,wholesaler_1,wholesaler,0,,,,,,173.15,0.0,,,,,,,98,hitl
83,2026-07-15 02:45,retail_1,retail,0,,,,,,,,102.78,30.0,0.0,0.0,2.8,15.738,98,hitl
84,2026-07-15 03:00,supplier_1,supplier,0,798.98,,,,,,,,,,,,,98,hitl
84,2026-07-15 03:00,farm_1,farm,1,,515.0,0.088,,,,,,,,,,,98,hitl
84,2026-07-15 03:00,slaughterhouse_1,slaughterhouse,0,,,,347.99,400.0,,,,,,,,,98,hitl
84,2026-07-15 03:00,wholesaler_1,wholesaler,0,,,,,,167.68,0.0,,,,,,,98,hitl
84,2026-07-15 03:00,retail_1,retail,0,,,,,,,,102.12,30.0,0.0,0.0,2.8,15.738,98,hitl
85,2026-07-15 03:15,supplier_1,supplier,0,797.65,,,,,,,,,,,,,98,hitl
85,2026-07-15 03:15,farm_1,farm,1,,515.0,0.088,,,,,,,,,,,98,hitl
85,2026-07-15 03:15,slaughterhouse_1,slaughterhouse,0,,,,347.99,400.0,,,,,,,,,98,hitl
85,2026-07-15 03:15,wholesaler_1,wholesaler,0,,,,,,165.06,0.0,,,,,,,98,hitl
85,2026-07-15 03:15,retail_1,retail,0,,,,,,,,104.31,30.0,0.0,0.0,2.8,15.738,98,hitl
86,2026-07-15 03:30,supplier_1,supplier,0,796.17,,,,,,,,,,,,,98,hitl
86,2026-07-15 03:30,farm_1,farm,1,,515.0,0.088,,,,,,,,,,,98,hitl
86,2026-07-15 03:30,slaughterhouse_1,slaughterhouse,0,,,,347.99,400.0,,,,,,,,,98,hitl
86,2026-07-15 03:30,wholesaler_1,wholesaler,0,,,,,,162.33,0.0,,,,,,,98,hitl
86,2026-07-15 03:30,retail_1,retail,0,,,,,,,,103.58,30.0,0.0,0.0,2.8,15.738,98,hitl
87,2026-07-15 03:45,supplier_1,supplier,0,795.23,,,,,,,,,,,,,98,hitl
87,2026-07-15 03:45,farm_1,farm,1,,515.0,0.088,,,,,,,,,,,98,hitl
87,2026-07-15 03:45,slaughterhouse_1,slaughterhouse,0,,,,347.99,400.0,,,,,,,,,98,hitl
87,2026-07-15 03:45,wholesaler_1,wholesaler,0,,,,,,160.03,0.0,,,,,,,98,hitl
87,2026-07-15 03:45,retail_1,retail,0,,,,,,,,102.89,30.0,0.0,0.0,2.8,15.738,98,hitl
88,2026-07-15 04:00,supplier_1,supplier,0,793.75,,,,,,,,,,,,,98,hitl
88,2026-07-15 04:00,farm_1,farm,1,,515.0,0.088,,,,,,,,,,,98,hitl
88,2026-07-15 04:00,slaughterhouse_1,slaughterhouse,0,,,,347.99,376.0,,,,,,,,,98,hitl
88,2026-07-15 04:00,wholesaler_1,wholesaler,0,,,,,,155.0,0.0,,,,,,,98,hitl
88,2026-07-15 04:00,retail_1,retail,0,,,,,,,,102.15,30.0,0.0,0.0,2.8,15.738,98,hitl
89,2026-07-15 04:15,supplier_1,supplier,0,792.93,,,,,,,,,,,,,98,hitl
89,2026-07-15 04:15,farm_1,farm,1,,515.0,0.088,,,,,,,,,,,98,hitl
89,2026-07-15 04:15,slaughterhouse_1,slaughterhouse,0,,,,347.99,385.81,,,,,,,,,98,hitl
89,2026-07-15 04:15,wholesaler_1,wholesaler,0,,,,,,177.48,0.0,,,,,,,98,hitl
89,2026-07-15 04:15,retail_1,retail,0,,,,,,,,104.27,30.0,0.0,0.0,2.8,15.738,98,hitl
90,2026-07-15 04:30,supplier_1,supplier,0,791.6,,,,,,,,,,,,,98,hitl
90,2026-07-15 04:30,farm_1,farm,1,,515.0,0.088,,,,,,,,,,,98,hitl
90,2026-07-15 04:30,slaughterhouse_1,slaughterhouse,0,,,,347.99,395.91,,,,,,,,,98,hitl
90,2026-07-15 04:30,wholesaler_1,wholesaler,0,,,,,,175.42,0.0,,,,,,,98,hitl
90,2026-07-15 04:30,retail_1,retail,0,,,,,,,,103.52,30.0,0.0,0.0,2.8,15.738,98,hitl
91,2026-07-15 04:45,supplier_1,supplier,0,790.69,,,,,,,,,,,,,98,hitl
91,2026-07-15 04:45,farm_1,farm,1,,515.0,0.088,,,,,,,,,,,98,hitl
91,2026-07-15 04:45,slaughterhouse_1,slaughterhouse,0,,,,347.99,400.0,,,,,,,,,98,hitl
91,2026-07-15 04:45,wholesaler_1,wholesaler,0,,,,,,172.49,0.0,,,,,,,98,hitl
91,2026-07-15 04:45,retail_1,retail,0,,,,,,,,102.83,30.0,0.0,0.0,2.8,15.738,98,hitl
92,2026-07-15 05:00,supplier_1,supplier,0,790.0,,,,,,,,,,,,,98,hitl
92,2026-07-15 05:00,farm_1,farm,1,,515.0,0.088,,,,,,,,,,,98,hitl
92,2026-07-15 05:00,slaughterhouse_1,slaughterhouse,0,,,,347.99,400.0,,,,,,,,,98,hitl
92,2026-07-15 05:00,wholesaler_1,wholesaler,0,,,,,,167.01,0.0,,,,,,,98,hitl
92,2026-07-15 05:00,retail_1,retail,0,,,,,,,,102.12,30.0,0.0,0.0,2.8,15.738,98,hitl
93,2026-07-15 05:15,supplier_1,supplier,0,789.46,,,,,,,,,,,,,98,hitl
93,2026-07-15 05:15,farm_1,farm,1,,515.0,0.088,,,,,,,,,,,98,hitl
93,2026-07-15 05:15,slaughterhouse_1,slaughterhouse,0,,,,347.99,400.0,,,,,,,,,98,hitl
93,2026-07-15 05:15,wholesaler_1,wholesaler,0,,,,,,164.16,0.0,,,,,,,98,hitl
93,2026-07-15 05:15,retail_1,retail,0,,,,,,,,104.36,30.0,0.0,0.0,2.8,15.738,98,hitl
94,2026-07-15 05:30,supplier_1,supplier,0,788.95,,,,,,,,,,,,,98,hitl
94,2026-07-15 05:30,farm_1,farm,1,,515.0,0.088,,,,,,,,,,,98,hitl
94,2026-07-15 05:30,slaughterhouse_1,slaughterhouse,0,,,,347.99,400.0,,,,,,,,,98,hitl
94,2026-07-15 05:30,wholesaler_1,wholesaler,0,,,,,,161.56,0.0,,,,,,,98,hitl
94,2026-07-15 05:30,retail_1,retail,0,,,,,,,,103.59,30.0,0.0,0.0,2.8,15.738,98,hitl
95,2026-07-15 05:45,supplier_1,supplier,0,788.03,,,,,,,,,,,,,98,hitl
95,2026-07-15 05:45,farm_1,farm,1,,515.0,0.088,,,,,,,,,,,98,hitl
95,2026-07-15 05:45,slaughterhouse_1,slaughterhouse,0,,,,347.99,400.0,,,,,,,,,98,hitl
95,2026-07-15 05:45,wholesaler_1,wholesaler,0,,,,,,158.67,0.0,,,,,,,98,hitl
95,2026-07-15 05:45,retail_1,retail,0,,,,,,,,102.96,30.0,0.0,0.0,2.8,15.738,98,hitl
96,2026-07-15 06:00,supplier_1,supplier,0,787.17,,,,,,,,,,,,,98,hitl
96,2026-07-15 06:00,farm_1,farm,1,,515.0,0.088,,,,,,,,,,,98,hitl
96,2026-07-15 06:00,slaughterhouse_1,slaughterhouse,0,,,,347.99,376.0,,,,,,,,,98,hitl
96,2026-07-15 06:00,wholesaler_1,wholesaler,0,,,,,,154.09,0.0,,,,,,,98,hitl
96,2026-07-15 06:00,retail_1,retail,0,,,,,,,,102.26,30.0,0.0,0.0,2.8,15.738,98,hitl
97,2026-07-15 06:15,supplier_1,supplier,0,786.01,,,,,,,,,,,,,98,hitl
97,2026-07-15 06:15,farm_1,farm,1,,515.0,0.088,,,,,,,,,,,98,hitl
97,2026-07-15 06:15,slaughterhouse_1,slaughterhouse,0,,,,347.99,386.43,,,,,,,,,98,hitl
97,2026-07-15 06:15,wholesaler_1,wholesaler,0,,,,,,176.28,0.0,,,,,,,98,hitl
97,2026-07-15 06:15,retail_1,retail,0,,,,,,,,104.25,30.0,0.0,0.0,2.8,15.738,98,hitl
98,2026-07-15 06:30,supplier_1,supplier,0,784.91,,,,,,,,,,,,,98,hitl
98,2026-07-15 06:30,farm_1,farm,1,,515.0,0.088,,,,,,,,,,,98,hitl
98,2026-07-15 06:30,slaughterhouse_1,slaughterhouse,0,,,,347.99,395.66,,,,,,,,,98,hitl
98,2026-07-15 06:30,wholesaler_1,wholesaler,0,,,,,,174.56,0.0,,,,,,,98,hitl
98,2026-07-15 06:30,retail_1,retail,0,,,,,,,,103.58,30.0,0.0,0.0,2.8,15.738,98,hitl
99,2026-07-15 06:45,supplier_1,supplier,0,784.31,,,,,,,,,,,,,98,hitl
99,2026-07-15 06:45,farm_1,farm,1,,515.0,0.088,,,,,,,,,,,98,hitl
99,2026-07-15 06:45,slaughterhouse_1,slaughterhouse,0,,,,347.99,400.0,,,,,,,,,98,hitl
99,2026-07-15 06:45,wholesaler_1,wholesaler,0,,,,,,172.64,0.0,,,,,,,98,hitl
99,2026-07-15 06:45,retail_1,retail,0,,,,,,,,102.94,30.0,0.0,0.0,2.8,15.738,98,hitl
100,2026-07-15 07:00,supplier_1,supplier,0,783.55,,,,,,,,,,,,,98,hitl
100,2026-07-15 07:00,farm_1,farm,1,,515.0,0.088,,,,,,,,,,,98,hitl
100,2026-07-15 07:00,slaughterhouse_1,slaughterhouse,0,,,,347.99,400.0,,,,,,,,,98,hitl
100,2026-07-15 07:00,wholesaler_1,wholesaler,0,,,,,,168.05,0.0,,,,,,,98,hitl
100,2026-07-15 07:00,retail_1,retail,0,,,,,,,,102.32,30.0,0.0,0.0,2.8,15.738,98,hitl
101,2026-07-15 07:15,supplier_1,supplier,0,782.97,,,,,,,,,,,,,98,hitl
101,2026-07-15 07:15,farm_1,farm,1,,515.0,0.088,,,,,,,,,,,98,hitl
101,2026-07-15 07:15,slaughterhouse_1,slaughterhouse,0,,,,347.99,400.0,,,,,,,,,98,hitl
101,2026-07-15 07:15,wholesaler_1,wholesaler,0,,,,,,166.22,0.0,,,,,,,98,hitl
101,2026-07-15 07:15,retail_1,retail,0,,,,,,,,104.36,30.0,0.0,0.0,2.8,15.738,98,hitl
102,2026-07-15 07:30,supplier_1,supplier,0,781.61,,,,,,,,,,,,,98,hitl
102,2026-07-15 07:30,farm_1,farm,1,,515.0,0.088,,,,,,,,,,,98,hitl
102,2026-07-15 07:30,slaughterhouse_1,slaughterhouse,0,,,,347.99,400.0,,,,,,,,,98,hitl
102,2026-07-15 07:30,wholesaler_1,wholesaler,0,,,,,,163.7,0.0,,,,,,,98,hitl
102,2026-07-15 07:30,retail_1,retail,0,,,,,,,,103.73,30.0,0.0,0.0,2.8,15.738,98,hitl
103,2026-07-15 07:45,supplier_1,supplier,0,780.53,,,,,,,,,,,,,98,hitl
103,2026-07-15 07:45,farm_1,farm,1,,515.0,0.088,,,,,,,,,,,98,hitl
103,2026-07-15 07:45,slaughterhouse_1,slaughterhouse,0,,,,347.99,400.0,,,,,,,,,98,hitl
103,2026-07-15 07:45,wholesaler_1,wholesaler,0,,,,,,161.07,0.0,,,,,,,98,hitl
103,2026-07-15 07:45,retail_1,retail,0,,,,,,,,102.97,30.0,0.0,0.0,2.8,15.738,98,hitl
104,2026-07-15 08:00,supplier_1,supplier,0,779.43,,,,,,,,,,,,,98,hitl
104,2026-07-15 08:00,farm_1,farm,1,,515.0,0.088,,,,,,,,,,,98,hitl
104,2026-07-15 08:00,slaughterhouse_1,slaughterhouse,0,,,,347.99,376.0,,,,,,,,,98,hitl
104,2026-07-15 08:00,wholesaler_1,wholesaler,0,,,,,,155.44,0.0,,,,,,,98,hitl
104,2026-07-15 08:00,retail_1,retail,0,,,,,,,,102.29,30.0,0.0,0.0,2.8,15.738,98,hitl
105,2026-07-15 08:15,supplier_1,supplier,0,778.08,,,,,,,,,,,,,98,hitl
105,2026-07-15 08:15,farm_1,farm,1,,515.0,0.088,,,,,,,,,,,98,hitl
105,2026-07-15 08:15,slaughterhouse_1,slaughterhouse,0,,,,347.99,385.36,,,,,,,,,98,hitl
105,2026-07-15 08:15,wholesaler_1,wholesaler,0,,,,,,176.55,0.0,,,,,,,98,hitl
105,2026-07-15 08:15,retail_1,retail,0,,,,,,,,104.31,30.0,0.0,0.0,2.8,15.738,98,hitl
106,2026-07-15 08:30,supplier_1,supplier,0,777.21,,,,,,,,,,,,,98,hitl
106,2026-07-15 08:30,farm_1,farm,1,,515.0,0.088,,,,,,,,,,,98,hitl
106,2026-07-15 08:30,slaughterhouse_1,slaughterhouse,0,,,,347.99,394.47,,,,,,,,,98,hitl
106,2026-07-15 08:30,wholesaler_1,wholesaler,0,,,,,,174.54,0.0,,,,,,,98,hitl
106,2026-07-15 08:30,retail_1,retail,0,,,,,,,,103.64,30.0,0.0,0.0,2.8,15.738,98,hitl
107,2026-07-15 08:45,supplier_1,supplier,0,776.6,,,,,,,,,,,,,98,hitl
107,2026-07-15 08:45,farm_1,farm,1,,515.0,0.088,,,,,,,,,,,98,hitl
107,2026-07-15 08:45,slaughterhouse_1,slaughterhouse,0,,,,347.99,400.0,,,,,,,,,98,hitl
107,2026-07-15 08:45,wholesaler_1,wholesaler,0,,,,,,171.79,0.0,,,,,,,98,hitl
107,2026-07-15 08:45,retail_1,retail,0,,,,,,,,102.87,30.0,0.0,0.0,2.8,15.738,98,hitl
108,2026-07-15 09:00,supplier_1,supplier,0,775.66,,,,,,,,,,,,,98,hitl
108,2026-07-15 09:00,farm_1,farm,1,,515.0,0.088,,,,,,,,,,,98,hitl
108,2026-07-15 09:00,slaughterhouse_1,slaughterhouse,0,,,,347.99,400.0,,,,,,,,,98,hitl
108,2026-07-15 09:00,wholesaler_1,wholesaler,0,,,,,,166.23,0.0,,,,,,,98,hitl
108,2026-07-15 09:00,retail_1,retail,0,,,,,,,,102.21,30.0,0.0,0.0,2.8,15.738,98,hitl
109,2026-07-15 09:15,supplier_1,supplier,0,774.45,,,,,,,,,,,,,98,hitl
109,2026-07-15 09:15,farm_1,farm,1,,515.0,0.088,,,,,,,,,,,98,hitl
109,2026-07-15 09:15,slaughterhouse_1,slaughterhouse,0,,,,347.99,400.0,,,,,,,,,98,hitl
109,2026-07-15 09:15,wholesaler_1,wholesaler,0,,,,,,163.42,0.0,,,,,,,98,hitl
109,2026-07-15 09:15,retail_1,retail,0,,,,,,,,104.27,30.0,0.0,0.0,2.8,15.738,98,hitl
110,2026-07-15 09:30,supplier_1,supplier,0,773.48,,,,,,,,,,,,,98,hitl
110,2026-07-15 09:30,farm_1,farm,1,,515.0,0.088,,,,,,,,,,,98,hitl
110,2026-07-15 09:30,slaughterhouse_1,slaughterhouse,0,,,,347.99,400.0,,,,,,,,,98,hitl
110,2026-07-15 09:30,wholesaler_1,wholesaler,0,,,,,,161.53,0.0,,,,,,,98,hitl
110,2026-07-15 09:30,retail_1,retail,0,,,,,,,,103.53,30.0,0.0,0.0,2.8,15.738,98,hitl
111,2026-07-15 09:45,supplier_1,supplier,0,772.72,,,,,,,,,,,,,98,hitl
111,2026-07-15 09:45,farm_1,farm,1,,515.0,0.088,,,,,,,,,,,98,hitl
111,2026-07-15 09:45,slaughterhouse_1,slaughterhouse,0,,,,347.99,400.0,,,,,,,,,98,hitl
111,2026-07-15 09:45,wholesaler_1,wholesaler,0,,,,,,159.53,0.0,,,,,,,98,hitl
111,2026-07-15 09:45,retail_1,retail,0,,,,,,,,102.77,30.0,0.0,0.0,2.8,15.738,98,hitl
112,2026-07-15 10:00,supplier_1,supplier,0,772.08,,,,,,,,,,,,,98,hitl
112,2026-07-15 10:00,farm_1,farm,1,,515.0,0.088,,,,,,,,,,,98,hitl
112,2026-07-15 10:00,slaughterhouse_1,slaughterhouse,0,,,,347.99,376.0,,,,,,,,,98,hitl
112,2026-07-15 10:00,wholesaler_1,wholesaler,0,,,,,,153.89,0.0,,,,,,,98,hitl
112,2026-07-15 10:00,retail_1,retail,0,,,,,,,,102.02,30.0,0.0,0.0,2.8,15.738,98,hitl
113,2026-07-15 10:15,supplier_1,supplier,0,771.56,,,,,,,,,,,,,98,hitl
113,2026-07-15 10:15,farm_1,farm,1,,515.0,0.088,,,,,,,,,,,98,hitl
113,2026-07-15 10:15,slaughterhouse_1,slaughterhouse,0,,,,347.99,384.9,,,,,,,,,98,hitl
113,2026-07-15 10:15,wholesaler_1,wholesaler,0,,,,,,175.74,0.0,,,,,,,98,hitl
113,2026-07-15 10:15,retail_1,retail,0,,,,,,,,104.37,30.0,0.0,0.0,2.8,15.738,98,hitl
114,2026-07-15 10:30,supplier_1,supplier,0,770.85,,,,,,,,,,,,,98,hitl
114,2026-07-15 10:30,farm_1,farm,1,,515.0,0.088,,,,,,,,,,,98,hitl
114,2026-07-15 10:30,slaughterhouse_1,slaughterhouse,0,,,,347.99,394.92,,,,,,,,,98,hitl
114,2026-07-15 10:30,wholesaler_1,wholesaler,0,,,,,,172.82,0.0,,,,,,,98,hitl
114,2026-07-15 10:30,retail_1,retail,0,,,,,,,,103.72,30.0,0.0,0.0,2.8,15.738,98,hitl
115,2026-07-15 10:45,supplier_1,supplier,0,769.46,,,,,,,,,,,,,98,hitl
115,2026-07-15 10:45,farm_1,farm,1,,515.0,0.088,,,,,,,,,,,98,hitl
115,2026-07-15 10:45,slaughterhouse_1,slaughterhouse,0,,,,347.99,400.0,,,,,,,,,98,hitl
115,2026-07-15 10:45,wholesaler_1,wholesaler,0,,,,,,171.04,0.0,,,,,,,98,hitl
115,2026-07-15 10:45,retail_1,retail,0,,,,,,,,102.98,30.0,0.0,0.0,2.8,15.738,98,hitl
116,2026-07-15 11:00,supplier_1,supplier,0,768.5,,,,,,,,,,,,,98,hitl
116,2026-07-15 11:00,farm_1,farm,1,,515.0,0.088,,,,,,,,,,,98,hitl
116,2026-07-15 11:00,slaughterhouse_1,slaughterhouse,0,,,,347.99,400.0,,,,,,,,,98,hitl
116,2026-07-15 11:00,wholesaler_1,wholesaler,0,,,,,,165.56,0.0,,,,,,,98,hitl
116,2026-07-15 11:00,retail_1,retail,0,,,,,,,,102.3,30.0,0.0,0.0,2.8,15.738,98,hitl
117,2026-07-15 11:15,supplier_1,supplier,0,767.99,,,,,,,,,,,,,98,hitl
117,2026-07-15 11:15,farm_1,farm,1,,515.0,0.088,,,,,,,,,,,98,hitl
117,2026-07-15 11:15,slaughterhouse_1,slaughterhouse,0,,,,347.99,400.0,,,,,,,,,98,hitl
117,2026-07-15 11:15,wholesaler_1,wholesaler,0,,,,,,163.96,0.0,,,,,,,98,hitl
117,2026-07-15 11:15,retail_1,retail,0,,,,,,,,104.32,30.0,0.0,0.0,2.8,15.738,98,hitl
118,2026-07-15 11:30,supplier_1,supplier,0,766.67,,,,,,,,,,,,,98,hitl
118,2026-07-15 11:30,farm_1,farm,1,,515.0,0.088,,,,,,,,,,,98,hitl
118,2026-07-15 11:30,slaughterhouse_1,slaughterhouse,0,,,,347.99,400.0,,,,,,,,,98,hitl
118,2026-07-15 11:30,wholesaler_1,wholesaler,0,,,,,,161.73,0.0,,,,,,,98,hitl
118,2026-07-15 11:30,retail_1,retail,0,,,,,,,,103.59,30.0,0.0,0.0,2.8,15.738,98,hitl
119,2026-07-15 11:45,supplier_1,supplier,0,765.92,,,,,,,,,,,,,98,hitl
119,2026-07-15 11:45,farm_1,farm,1,,515.0,0.088,,,,,,,,,,,98,hitl
119,2026-07-15 11:45,slaughterhouse_1,slaughterhouse,0,,,,347.99,400.0,,,,,,,,,98,hitl
119,2026-07-15 11:45,wholesaler_1,wholesaler,0,,,,,,159.11,0.0,,,,,,,98,hitl
119,2026-07-15 11:45,retail_1,retail,0,,,,,,,,102.95,30.0,0.0,0.0,2.8,15.738,98,hitl
120,2026-07-15 12:00,supplier_1,supplier,0,764.57,,,,,,,,,,,,,98,hitl
120,2026-07-15 12:00,farm_1,farm,1,,515.0,0.088,,,,,,,,,,,98,hitl
120,2026-07-15 12:00,slaughterhouse_1,slaughterhouse,0,,,,347.99,376.0,,,,,,,,,98,hitl
120,2026-07-15 12:00,wholesaler_1,wholesaler,0,,,,,,153.6,0.0,,,,,,,98,hitl
120,2026-07-15 12:00,retail_1,retail,0,,,,,,,,102.2,30.0,0.0,0.0,2.8,15.738,98,hitl
121,2026-07-15 12:15,supplier_1,supplier,0,763.18,,,,,,,,,,,,,98,hitl
121,2026-07-15 12:15,farm_1,farm,1,,515.0,0.088,,,,,,,,,,,98,hitl
121,2026-07-15 12:15,slaughterhouse_1,slaughterhouse,0,,,,347.99,384.98,,,,,,,,,98,hitl
121,2026-07-15 12:15,wholesaler_1,wholesaler,0,,,,,,175.71,0.0,,,,,,,98,hitl
121,2026-07-15 12:15,retail_1,retail,0,,,,,,,,104.34,30.0,0.0,0.0,2.8,15.738,98,hitl
122,2026-07-15 12:30,supplier_1,supplier,0,762.23,,,,,,,,,,,,,98,hitl
122,2026-07-15 12:30,farm_1,farm,1,,515.0,0.088,,,,,,,,,,,98,hitl
122,2026-07-15 12:30,slaughterhouse_1,slaughterhouse,0,,,,347.99,395.12,,,,,,,,,98,hitl
122,2026-07-15 12:30,wholesaler_1,wholesaler,0,,,,,,173.56,0.0,,,,,,,98,hitl
122,2026-07-15 12:30,retail_1,retail,0,,,,,,,,103.7,30.0,0.0,0.0,2.8,15.738,98,hitl
123,2026-07-15 12:45,supplier_1,supplier,0,761.52,,,,,,,,,,,,,98,hitl
123,2026-07-15 12:45,farm_1,farm,1,,515.0,0.088,,,,,,,,,,,98,hitl
123,2026-07-15 12:45,slaughterhouse_1,slaughterhouse,0,,,,347.99,400.0,,,,,,,,,98,hitl
123,2026-07-15 12:45,wholesaler_1,wholesaler,0,,,,,,170.92,0.0,,,,,,,98,hitl
123,2026-07-15 12:45,retail_1,retail,0,,,,,,,,102.95,30.0,0.0,0.0,2.8,15.738,98,hitl
124,2026-07-15 13:00,supplier_1,supplier,0,760.7,,,,,,,,,,,,,98,hitl
124,2026-07-15 13:00,farm_1,farm,1,,515.0,0.088,,,,,,,,,,,98,hitl
124,2026-07-15 13:00,slaughterhouse_1,slaughterhouse,0,,,,347.99,400.0,,,,,,,,,98,hitl
124,2026-07-15 13:00,wholesaler_1,wholesaler,0,,,,,,166.32,0.0,,,,,,,98,hitl
124,2026-07-15 13:00,retail_1,retail,0,,,,,,,,102.21,30.0,0.0,0.0,2.8,15.738,98,hitl
125,2026-07-15 13:15,supplier_1,supplier,0,759.63,,,,,,,,,,,,,98,hitl
125,2026-07-15 13:15,farm_1,farm,1,,515.0,0.088,,,,,,,,,,,98,hitl
125,2026-07-15 13:15,slaughterhouse_1,slaughterhouse,0,,,,347.99,400.0,,,,,,,,,98,hitl
125,2026-07-15 13:15,wholesaler_1,wholesaler,0,,,,,,164.48,0.0,,,,,,,98,hitl
125,2026-07-15 13:15,retail_1,retail,0,,,,,,,,104.33,30.0,0.0,0.0,2.8,15.738,98,hitl
126,2026-07-15 13:30,supplier_1,supplier,0,758.71,,,,,,,,,,,,,98,hitl
126,2026-07-15 13:30,farm_1,farm,1,,515.0,0.088,,,,,,,,,,,98,hitl
126,2026-07-15 13:30,slaughterhouse_1,slaughterhouse,0,,,,347.99,400.0,,,,,,,,,98,hitl
126,2026-07-15 13:30,wholesaler_1,wholesaler,0,,,,,,162.54,0.0,,,,,,,98,hitl
126,2026-07-15 13:30,retail_1,retail,0,,,,,,,,103.66,30.0,0.0,0.0,2.8,15.738,98,hitl
127,2026-07-15 13:45,supplier_1,supplier,0,757.71,,,,,,,,,,,,,98,hitl
127,2026-07-15 13:45,farm_1,farm,1,,515.0,0.088,,,,,,,,,,,98,hitl
127,2026-07-15 13:45,slaughterhouse_1,slaughterhouse,0,,,,347.99,400.0,,,,,,,,,98,hitl
127,2026-07-15 13:45,wholesaler_1,wholesaler,0,,,,,,160.95,0.0,,,,,,,98,hitl
127,2026-07-15 13:45,retail_1,retail,0,,,,,,,,103.03,30.0,0.0,0.0,2.8,15.738,98,hitl
128,2026-07-15 14:00,supplier_1,supplier,0,757.05,,,,,,,,,,,,,98,hitl
128,2026-07-15 14:00,farm_1,farm,1,,515.0,0.088,,,,,,,,,,,98,hitl
128,2026-07-15 14:00,slaughterhouse_1,slaughterhouse,0,,,,347.99,376.0,,,,,,,,,98,hitl
128,2026-07-15 14:00,wholesaler_1,wholesaler,0,,,,,,155.41,0.0,,,,,,,98,hitl
128,2026-07-15 14:00,retail_1,retail,0,,,,,,,,102.36,30.0,0.0,0.0,2.8,15.738,98,hitl
129,2026-07-15 14:15,supplier_1,supplier,0,755.86,,,,,,,,,,,,,98,hitl
129,2026-07-15 14:15,farm_1,farm,1,,515.0,0.088,,,,,,,,,,,98,hitl
129,2026-07-15 14:15,slaughterhouse_1,slaughterhouse,0,,,,347.99,386.09,,,,,,,,,98,hitl
129,2026-07-15 14:15,wholesaler_1,wholesaler,0,,,,,,177.12,0.0,,,,,,,98,hitl
129,2026-07-15 14:15,retail_1,retail,0,,,,,,,,104.3,30.0,0.0,0.0,2.8,15.738,98,hitl
130,2026-07-15 14:30,supplier_1,supplier,0,754.39,,,,,,,,,,,,,98,hitl
130,2026-07-15 14:30,farm_1,farm,1,,515.0,0.088,,,,,,,,,,,98,hitl
130,2026-07-15 14:30,slaughterhouse_1,slaughterhouse,0,,,,347.99,396.16,,,,,,,,,98,hitl
130,2026-07-15 14:30,wholesaler_1,wholesaler,0,,,,,,175.41,0.0,,,,,,,98,hitl
130,2026-07-15 14:30,retail_1,retail,0,,,,,,,,103.62,30.0,0.0,0.0,2.8,15.738,98,hitl
131,2026-07-15 14:45,supplier_1,supplier,0,752.91,,,,,,,,,,,,,98,hitl
131,2026-07-15 14:45,farm_1,farm,1,,515.0,0.088,,,,,,,,,,,98,hitl
131,2026-07-15 14:45,slaughterhouse_1,slaughterhouse,0,,,,347.99,400.0,,,,,,,,,98,hitl
131,2026-07-15 14:45,wholesaler_1,wholesaler,0,,,,,,172.55,0.0,,,,,,,98,hitl
131,2026-07-15 14:45,retail_1,retail,0,,,,,,,,102.95,30.0,0.0,0.0,2.8,15.738,98,hitl
132,2026-07-15 15:00,supplier_1,supplier,0,751.9,,,,,,,,,,,,,98,hitl
132,2026-07-15 15:00,farm_1,farm,1,,515.0,0.088,,,,,,,,,,,98,hitl
132,2026-07-15 15:00,slaughterhouse_1,slaughterhouse,0,,,,347.99,400.0,,,,,,,,,98,hitl
132,2026-07-15 15:00,wholesaler_1,wholesaler,0,,,,,,167.01,0.0,,,,,,,98,hitl
132,2026-07-15 15:00,retail_1,retail,0,,,,,,,,102.27,30.0,0.0,0.0,2.8,15.738,98,hitl
133,2026-07-15 15:15,supplier_1,supplier,0,750.82,,,,,,,,,,,,,98,hitl
133,2026-07-15 15:15,farm_1,farm,1,,515.0,0.088,,,,,,,,,,,98,hitl
133,2026-07-15 15:15,slaughterhouse_1,slaughterhouse,0,,,,347.99,400.0,,,,,,,,,98,hitl
133,2026-07-15 15:15,wholesaler_1,wholesaler,0,,,,,,164.49,0.0,,,,,,,98,hitl
133,2026-07-15 15:15,retail_1,retail,0,,,,,,,,104.38,30.0,0.0,0.0,2.8,15.738,98,hitl
134,2026-07-15 15:30,supplier_1,supplier,0,750.23,,,,,,,,,,,,,98,hitl
134,2026-07-15 15:30,farm_1,farm,1,,515.0,0.088,,,,,,,,,,,98,hitl
134,2026-07-15 15:30,slaughterhouse_1,slaughterhouse,0,,,,347.99,400.0,,,,,,,,,98,hitl
134,2026-07-15 15:30,wholesaler_1,wholesaler,0,,,,,,161.49,0.0,,,,,,,98,hitl
134,2026-07-15 15:30,retail_1,retail,0,,,,,,,,103.69,30.0,0.0,0.0,2.8,15.738,98,hitl
135,2026-07-15 15:45,supplier_1,supplier,0,749.28,,,,,,,,,,,,,98,hitl
135,2026-07-15 15:45,farm_1,farm,1,,515.0,0.088,,,,,,,,,,,98,hitl
135,2026-07-15 15:45,slaughterhouse_1,slaughterhouse,0,,,,347.99,400.0,,,,,,,,,98,hitl
135,2026-07-15 15:45,wholesaler_1,wholesaler,0,,,,,,159.28,0.0,,,,,,,98,hitl
135,2026-07-15 15:45,retail_1,retail,0,,,,,,,,103.03,30.0,0.0,0.0,2.8,15.738,98,hitl
136,2026-07-15 16:00,supplier_1,supplier,0,747.94,,,,,,,,,,,,,98,hitl
136,2026-07-15 16:00,farm_1,farm,1,,515.0,0.088,,,,,,,,,,,98,hitl
136,2026-07-15 16:00,slaughterhouse_1,slaughterhouse,0,,,,347.99,376.0,,,,,,,,,98,hitl
136,2026-07-15 16:00,wholesaler_1,wholesaler,0,,,,,,154.96,0.0,,,,,,,98,hitl
136,2026-07-15 16:00,retail_1,retail,0,,,,,,,,102.29,30.0,0.0,0.0,2.8,15.738,98,hitl
137,2026-07-15 16:15,supplier_1,supplier,0,746.61,,,,,,,,,,,,,98,hitl
137,2026-07-15 16:15,farm_1,farm,1,,515.0,0.088,,,,,,,,,,,98,hitl
137,2026-07-15 16:15,slaughterhouse_1,slaughterhouse,0,,,,347.99,385.12,,,,,,,,,98,hitl
137,2026-07-15 16:15,wholesaler_1,wholesaler,0,,,,,,177.04,0.0,,,,,,,98,hitl
137,2026-07-15 16:15,retail_1,retail,0,,,,,,,,104.27,30.0,0.0,0.0,2.8,15.738,98,hitl
138,2026-07-15 16:30,supplier_1,supplier,0,745.67,,,,,,,,,,,,,98,hitl
138,2026-07-15 16:30,farm_1,farm,1,,515.0,0.088,,,,,,,,,,,98,hitl
138,2026-07-15 16:30,slaughterhouse_1,slaughterhouse,0,,,,347.99,394.78,,,,,,,,,98,hitl
138,2026-07-15 16:30,wholesaler_1,wholesaler,0,,,,,,175.17,0.0,,,,,,,98,hitl
138,2026-07-15 16:30,retail_1,retail,0,,,,,,,,103.54,30.0,0.0,0.0,2.8,15.738,98,hitl
139,2026-07-15 16:45,supplier_1,supplier,0,744.37,,,,,,,,,,,,,98,hitl
139,2026-07-15 16:45,farm_1,farm,1,,515.0,0.088,,,,,,,,,,,98,hitl
139,2026-07-15 16:45,slaughterhouse_1,slaughterhouse,0,,,,347.99,400.0,,,,,,,,,98,hitl
139,2026-07-15 16:45,wholesaler_1,wholesaler,0,,,,,,173.24,0.0,,,,,,,98,hitl
139,2026-07-15 16:45,retail_1,retail,0,,,,,,,,102.84,30.0,0.0,0.0,2.8,15.738,98,hitl
140,2026-07-15 17:00,supplier_1,supplier,0,742.92,,,,,,,,,,,,,98,hitl
140,2026-07-15 17:00,farm_1,farm,1,,515.0,0.088,,,,,,,,,,,98,hitl
140,2026-07-15 17:00,slaughterhouse_1,slaughterhouse,0,,,,347.99,400.0,,,,,,,,,98,hitl
140,2026-07-15 17:00,wholesaler_1,wholesaler,0,,,,,,167.36,0.0,,,,,,,98,hitl
140,2026-07-15 17:00,retail_1,retail,0,,,,,,,,102.07,30.0,0.0,0.0,2.8,15.738,98,hitl
141,2026-07-15 17:15,supplier_1,supplier,0,741.66,,,,,,,,,,,,,98,hitl
141,2026-07-15 17:15,farm_1,farm,1,,515.0,0.088,,,,,,,,,,,98,hitl
141,2026-07-15 17:15,slaughterhouse_1,slaughterhouse,0,,,,347.99,400.0,,,,,,,,,98,hitl
141,2026-07-15 17:15,wholesaler_1,wholesaler,0,,,,,,164.65,0.0,,,,,,,98,hitl
141,2026-07-15 17:15,retail_1,retail,0,,,,,,,,104.36,30.0,0.0,0.0,2.8,15.738,98,hitl
142,2026-07-15 17:30,supplier_1,supplier,0,741.01,,,,,,,,,,,,,98,hitl
142,2026-07-15 17:30,farm_1,farm,1,,515.0,0.088,,,,,,,,,,,98,hitl
142,2026-07-15 17:30,slaughterhouse_1,slaughterhouse,0,,,,347.99,400.0,,,,,,,,,98,hitl
142,2026-07-15 17:30,wholesaler_1,wholesaler,0,,,,,,162.31,0.0,,,,,,,98,hitl
142,2026-07-15 17:30,retail_1,retail,0,,,,,,,,103.74,30.0,0.0,0.0,2.8,15.738,98,hitl
143,2026-07-15 17:45,supplier_1,supplier,0,739.53,,,,,,,,,,,,,98,hitl
143,2026-07-15 17:45,farm_1,farm,1,,515.0,0.088,,,,,,,,,,,98,hitl
143,2026-07-15 17:45,slaughterhouse_1,slaughterhouse,0,,,,347.99,400.0,,,,,,,,,98,hitl
143,2026-07-15 17:45,wholesaler_1,wholesaler,0,,,,,,160.59,0.0,,,,,,,98,hitl
143,2026-07-15 17:45,retail_1,retail,0,,,,,,,,102.96,30.0,0.0,0.0,2.8,15.738,98,hitl
144,2026-07-15 18:00,supplier_1,supplier,0,738.84,,,,,,,,,,,,,98,hitl
144,2026-07-15 18:00,farm_1,farm,1,,515.0,0.088,,,,,,,,,,,98,hitl
144,2026-07-15 18:00,slaughterhouse_1,slaughterhouse,0,,,,347.99,376.0,,,,,,,,,98,hitl
144,2026-07-15 18:00,wholesaler_1,wholesaler,0,,,,,,155.96,0.0,,,,,,,98,hitl
144,2026-07-15 18:00,retail_1,retail,0,,,,,,,,102.24,30.0,0.0,0.0,2.8,15.738,98,hitl
145,2026-07-15 18:15,supplier_1,supplier,0,737.88,,,,,,,,,,,,,98,hitl
145,2026-07-15 18:15,farm_1,farm,1,,515.0,0.088,,,,,,,,,,,98,hitl
145,2026-07-15 18:15,slaughterhouse_1,slaughterhouse,0,,,,347.99,385.71,,,,,,,,,98,hitl
145,2026-07-15 18:15,wholesaler_1,wholesaler,0,,,,,,177.88,0.0,,,,,,,98,hitl
145,2026-07-15 18:15,retail_1,retail,0,,,,,,,,104.26,30.0,0.0,0.0,2.8,15.738,98,hitl
146,2026-07-15 18:30,supplier_1,supplier,0,736.54,,,,,,,,,,,,,98,hitl
146,2026-07-15 18:30,farm_1,farm,1,,515.0,0.088,,,,,,,,,,,98,hitl
146,2026-07-15 18:30,slaughterhouse_1,slaughterhouse,0,,,,347.99,395.26,,,,,,,,,98,hitl
146,2026-07-15 18:30,wholesaler_1,wholesaler,0,,,,,,175.25,0.0,,,,,,,98,hitl
146,2026-07-15 18:30,retail_1,retail,0,,,,,,,,103.5,30.0,0.0,0.0,2.8,15.738,98,hitl
147,2026-07-15 18:45,supplier_1,supplier,0,735.69,,,,,,,,,,,,,98,hitl
147,2026-07-15 18:45,farm_1,farm,1,,515.0,0.088,,,,,,,,,,,98,hitl
147,2026-07-15 18:45,slaughterhouse_1,slaughterhouse,0,,,,347.99,400.0,,,,,,,,,98,hitl
147,2026-07-15 18:45,wholesaler_1,wholesaler,0,,,,,,172.56,0.0,,,,,,,98,hitl
147,2026-07-15 18:45,retail_1,retail,0,,,,,,,,102.87,30.0,0.0,0.0,2.8,15.738,98,hitl
148,2026-07-15 19:00,supplier_1,supplier,0,734.89,,,,,,,,,,,,,98,hitl
148,2026-07-15 19:00,farm_1,farm,1,,515.0,0.088,,,,,,,,,,,98,hitl
148,2026-07-15 19:00,slaughterhouse_1,slaughterhouse,0,,,,347.99,400.0,,,,,,,,,98,hitl
148,2026-07-15 19:00,wholesaler_1,wholesaler,0,,,,,,166.94,0.0,,,,,,,98,hitl
148,2026-07-15 19:00,retail_1,retail,0,,,,,,,,102.1,30.0,0.0,0.0,2.8,15.738,98,hitl
149,2026-07-15 19:15,supplier_1,supplier,0,734.33,,,,,,,,,,,,,98,hitl
149,2026-07-15 19:15,farm_1,farm,1,,515.0,0.088,,,,,,,,,,,98,hitl
149,2026-07-15 19:15,slaughterhouse_1,slaughterhouse,0,,,,347.99,400.0,,,,,,,,,98,hitl
149,2026-07-15 19:15,wholesaler_1,wholesaler,0,,,,,,164.98,0.0,,,,,,,98,hitl
149,2026-07-15 19:15,retail_1,retail,0,,,,,,,,104.38,30.0,0.0,0.0,2.8,15.738,98,hitl
150,2026-07-15 19:30,supplier_1,supplier,0,733.7,,,,,,,,,,,,,98,hitl
150,2026-07-15 19:30,farm_1,farm,1,,515.0,0.088,,,,,,,,,,,98,hitl
150,2026-07-15 19:30,slaughterhouse_1,slaughterhouse,0,,,,347.99,400.0,,,,,,,,,98,hitl
150,2026-07-15 19:30,wholesaler_1,wholesaler,0,,,,,,162.85,0.0,,,,,,,98,hitl
150,2026-07-15 19:30,retail_1,retail,0,,,,,,,,103.76,30.0,0.0,0.0,2.8,15.738,98,hitl
151,2026-07-15 19:45,supplier_1,supplier,0,732.26,,,,,,,,,,,,,98,hitl
151,2026-07-15 19:45,farm_1,farm,1,,515.0,0.088,,,,,,,,,,,98,hitl
151,2026-07-15 19:45,slaughterhouse_1,slaughterhouse,0,,,,347.99,400.0,,,,,,,,,98,hitl
151,2026-07-15 19:45,wholesaler_1,wholesaler,0,,,,,,160.54,0.0,,,,,,,98,hitl
151,2026-07-15 19:45,retail_1,retail,0,,,,,,,,103.1,30.0,0.0,0.0,2.8,15.738,98,hitl
152,2026-07-15 20:00,supplier_1,supplier,0,731.55,,,,,,,,,,,,,98,hitl
152,2026-07-15 20:00,farm_1,farm,1,,515.0,0.088,,,,,,,,,,,98,hitl
152,2026-07-15 20:00,slaughterhouse_1,slaughterhouse,0,,,,347.99,376.0,,,,,,,,,98,hitl
152,2026-07-15 20:00,wholesaler_1,wholesaler,0,,,,,,156.06,0.0,,,,,,,98,hitl
152,2026-07-15 20:00,retail_1,retail,0,,,,,,,,102.39,30.0,0.0,0.0,2.8,15.738,98,hitl
153,2026-07-15 20:15,supplier_1,supplier,0,730.77,,,,,,,,,,,,,98,hitl
153,2026-07-15 20:15,farm_1,farm,1,,515.0,0.088,,,,,,,,,,,98,hitl
153,2026-07-15 20:15,slaughterhouse_1,slaughterhouse,0,,,,347.99,385.6,,,,,,,,,98,hitl
153,2026-07-15 20:15,wholesaler_1,wholesaler,0,,,,,,177.6,0.0,,,,,,,98,hitl
153,2026-07-15 20:15,retail_1,retail,0,,,,,,,,104.35,30.0,0.0,0.0,2.8,15.738,98,hitl
154,2026-07-15 20:30,supplier_1,supplier,0,729.76,,,,,,,,,,,,,98,hitl
154,2026-07-15 20:30,farm_1,farm,1,,515.0,0.088,,,,,,,,,,,98,hitl
154,2026-07-15 20:30,slaughterhouse_1,slaughterhouse,0,,,,347.99,395.74,,,,,,,,,98,hitl
154,2026-07-15 20:30,wholesaler_1,wholesaler,0,,,,,,175.71,0.0,,,,,,,98,hitl
154,2026-07-15 20:30,retail_1,retail,0,,,,,,,,103.68,30.0,0.0,0.0,2.8,15.738,98,hitl
155,2026-07-15 20:45,supplier_1,supplier,0,728.94,,,,,,,,,,,,,98,hitl
155,2026-07-15 20:45,farm_1,farm,1,,515.0,0.088,,,,,,,,,,,98,hitl
155,2026-07-15 20:45,slaughterhouse_1,slaughterhouse,0,,,,347.99,400.0,,,,,,,,,98,hitl
155,2026-07-15 20:45,wholesaler_1,wholesaler,0,,,,,,173.2,0.0,,,,,,,98,hitl
155,2026-07-15 20:45,retail_1,retail,0,,,,,,,,103.04,30.0,0.0,0.0,2.8,15.738,98,hitl
156,2026-07-15 21:00,supplier_1,supplier,0,727.8,,,,,,,,,,,,,98,hitl
156,2026-07-15 21:00,farm_1,farm,1,,515.0,0.088,,,,,,,,,,,98,hitl
156,2026-07-15 21:00,slaughterhouse_1,slaughterhouse,0,,,,347.99,400.0,,,,,,,,,98,hitl
156,2026-07-15 21:00,wholesaler_1,wholesaler,0,,,,,,168.38,0.0,,,,,,,98,hitl
156,2026-07-15 21:00,retail_1,retail,0,,,,,,,,102.32,30.0,0.0,0.0,2.8,15.738,98,hitl
157,2026-07-15 21:15,supplier_1,supplier,0,726.6,,,,,,,,,,,,,98,hitl
157,2026-07-15 21:15,farm_1,farm,1,,515.0,0.088,,,,,,,,,,,98,hitl
157,2026-07-15 21:15,slaughterhouse_1,slaughterhouse,0,,,,347.99,400.0,,,,,,,,,98,hitl
157,2026-07-15 21:15,wholesaler_1,wholesaler,0,,,,,,166.73,0.0,,,,,,,98,hitl
157,2026-07-15 21:15,retail_1,retail,0,,,,,,,,104.36,30.0,0.0,0.0,2.8,15.738,98,hitl
158,2026-07-15 21:30,supplier_1,supplier,0,725.51,,,,,,,,,,,,,98,hitl
158,2026-07-15 21:30,farm_1,farm,1,,515.0,0.088,,,,,,,,,,,98,hitl
158,2026-07-15 21:30,slaughterhouse_1,slaughterhouse,0,,,,347.99,400.0,,,,,,,,,98,hitl
158,2026-07-15 21:30,wholesaler_1,wholesaler,0,,,,,,164.58,0.0,,,,,,,98,hitl
158,2026-07-15 21:30,retail_1,retail,0,,,,,,,,103.71,30.0,0.0,0.0,2.8,15.738,98,hitl
159,2026-07-15 21:45,supplier_1,supplier,0,724.06,,,,,,,,,,,,,98,hitl
159,2026-07-15 21:45,farm_1,farm,1,,515.0,0.088,,,,,,,,,,,98,hitl
159,2026-07-15 21:45,slaughterhouse_1,slaughterhouse,0,,,,347.99,400.0,,,,,,,,,98,hitl
159,2026-07-15 21:45,wholesaler_1,wholesaler,0,,,,,,162.97,0.0,,,,,,,98,hitl
159,2026-07-15 21:45,retail_1,retail,0,,,,,,,,103.02,30.0,0.0,0.0,2.8,15.738,98,hitl
160,2026-07-15 22:00,supplier_1,supplier,0,722.91,,,,,,,,,,,,,98,hitl
160,2026-07-15 22:00,farm_1,farm,1,,515.0,0.088,,,,,,,,,,,98,hitl
160,2026-07-15 22:00,slaughterhouse_1,slaughterhouse,0,,,,347.99,376.0,,,,,,,,,98,hitl
160,2026-07-15 22:00,wholesaler_1,wholesaler,0,,,,,,157.94,0.0,,,,,,,98,hitl
160,2026-07-15 22:00,retail_1,retail,0,,,,,,,,102.28,30.0,0.0,0.0,2.8,15.738,98,hitl
161,2026-07-15 22:15,supplier_1,supplier,0,722.22,,,,,,,,,,,,,98,hitl
161,2026-07-15 22:15,farm_1,farm,1,,515.0,0.088,,,,,,,,,,,98,hitl
161,2026-07-15 22:15,slaughterhouse_1,slaughterhouse,0,,,,347.99,385.9,,,,,,,,,98,hitl
161,2026-07-15 22:15,wholesaler_1,wholesaler,0,,,,,,179.12,0.0,,,,,,,98,hitl
161,2026-07-15 22:15,retail_1,retail,0,,,,,,,,104.35,30.0,0.0,0.0,2.8,15.738,98,hitl
162,2026-07-15 22:30,supplier_1,supplier,0,720.86,,,,,,,,,,,,,98,hitl
162,2026-07-15 22:30,farm_1,farm,1,,515.0,0.088,,,,,,,,,,,98,hitl
162,2026-07-15 22:30,slaughterhouse_1,slaughterhouse,0,,,,347.99,395.39,,,,,,,,,98,hitl
162,2026-07-15 22:30,wholesaler_1,wholesaler,0,,,,,,177.05,0.0,,,,,,,98,hitl
162,2026-07-15 22:30,retail_1,retail,0,,,,,,,,103.69,30.0,0.0,0.0,2.8,15.738,98,hitl
163,2026-07-15 22:45,supplier_1,supplier,0,719.45,,,,,,,,,,,,,98,hitl
163,2026-07-15 22:45,farm_1,farm,1,,515.0,0.088,,,,,,,,,,,98,hitl
163,2026-07-15 22:45,slaughterhouse_1,slaughterhouse,0,,,,347.99,400.0,,,,,,,,,98,hitl
163,2026-07-15 22:45,wholesaler_1,wholesaler,0,,,,,,175.23,0.0,,,,,,,98,hitl
163,2026-07-15 22:45,retail_1,retail,0,,,,,,,,102.93,30.0,0.0,0.0,2.8,15.738,98,hitl
164,2026-07-15 23:00,supplier_1,supplier,0,718.86,,,,,,,,,,,,,98,hitl
164,2026-07-15 23:00,farm_1,farm,1,,515.0,0.088,,,,,,,,,,,98,hitl
164,2026-07-15 23:00,slaughterhouse_1,slaughterhouse,0,,,,347.99,400.0,,,,,,,,,98,hitl
164,2026-07-15 23:00,wholesaler_1,wholesaler,0,,,,,,170.5,0.0,,,,,,,98,hitl
164,2026-07-15 23:00,retail_1,retail,0,,,,,,,,102.16,30.0,0.0,0.0,2.8,15.738,98,hitl
165,2026-07-15 23:15,supplier_1,supplier,0,717.81,,,,,,,,,,,,,98,hitl
165,2026-07-15 23:15,farm_1,farm,1,,515.0,0.088,,,,,,,,,,,98,hitl
165,2026-07-15 23:15,slaughterhouse_1,slaughterhouse,0,,,,347.99,400.0,,,,,,,,,98,hitl
165,2026-07-15 23:15,wholesaler_1,wholesaler,0,,,,,,168.31,0.0,,,,,,,98,hitl
165,2026-07-15 23:15,retail_1,retail,0,,,,,,,,104.34,30.0,0.0,0.0,2.8,15.738,98,hitl
166,2026-07-15 23:30,supplier_1,supplier,0,716.41,,,,,,,,,,,,,98,hitl
166,2026-07-15 23:30,farm_1,farm,1,,515.0,0.088,,,,,,,,,,,98,hitl
166,2026-07-15 23:30,slaughterhouse_1,slaughterhouse,0,,,,347.99,400.0,,,,,,,,,98,hitl
166,2026-07-15 23:30,wholesaler_1,wholesaler,0,,,,,,166.54,0.0,,,,,,,98,hitl
166,2026-07-15 23:30,retail_1,retail,0,,,,,,,,103.58,30.0,0.0,0.0,2.8,15.738,98,hitl
167,2026-07-15 23:45,supplier_1,supplier,0,715.61,,,,,,,,,,,,,98,hitl
167,2026-07-15 23:45,farm_1,farm,1,,515.0,0.088,,,,,,,,,,,98,hitl
167,2026-07-15 23:45,slaughterhouse_1,slaughterhouse,0,,,,347.99,400.0,,,,,,,,,98,hitl
167,2026-07-15 23:45,wholesaler_1,wholesaler,0,,,,,,164.05,0.0,,,,,,,98,hitl
167,2026-07-15 23:45,retail_1,retail,0,,,,,,,,102.85,30.0,0.0,0.0,2.8,15.738,98,hitl
168,2026-07-16 00:00,supplier_1,supplier,0,714.23,,,,,,,,,,,,,98,hitl
168,2026-07-16 00:00,farm_1,farm,1,,515.0,0.088,,,,,,,,,,,98,hitl
168,2026-07-16 00:00,slaughterhouse_1,slaughterhouse,0,,,,347.99,376.0,,,,,,,,,98,hitl
168,2026-07-16 00:00,wholesaler_1,wholesaler,0,,,,,,158.51,0.0,,,,,,,98,hitl
168,2026-07-16 00:00,retail_1,retail,0,,,,,,,,102.23,30.0,0.0,0.0,2.8,15.738,98,hitl
169,2026-07-16 00:15,supplier_1,supplier,0,712.86,,,,,,,,,,,,,98,hitl
169,2026-07-16 00:15,farm_1,farm,1,,515.0,0.088,,,,,,,,,,,98,hitl
169,2026-07-16 00:15,slaughterhouse_1,slaughterhouse,0,,,,347.99,385.39,,,,,,,,,98,hitl
169,2026-07-16 00:15,wholesaler_1,wholesaler,0,,,,,,180.45,0.0,,,,,,,98,hitl
169,2026-07-16 00:15,retail_1,retail,0,,,,,,,,104.37,30.0,0.0,0.0,2.8,15.738,98,hitl
170,2026-07-16 00:30,supplier_1,supplier,0,711.58,,,,,,,,,,,,,98,hitl
170,2026-07-16 00:30,farm_1,farm,1,,515.0,0.088,,,,,,,,,,,98,hitl
170,2026-07-16 00:30,slaughterhouse_1,slaughterhouse,0,,,,347.99,395.37,,,,,,,,,98,hitl
170,2026-07-16 00:30,wholesaler_1,wholesaler,0,,,,,,177.66,0.0,,,,,,,98,hitl
170,2026-07-16 00:30,retail_1,retail,0,,,,,,,,103.61,30.0,0.0,0.0,2.8,15.738,98,hitl
171,2026-07-16 00:45,supplier_1,supplier,0,710.15,,,,,,,,,,,,,98,hitl
171,2026-07-16 00:45,farm_1,farm,1,,515.0,0.088,,,,,,,,,,,98,hitl
171,2026-07-16 00:45,slaughterhouse_1,slaughterhouse,0,,,,347.99,400.0,,,,,,,,,98,hitl
171,2026-07-16 00:45,wholesaler_1,wholesaler,0,,,,,,175.76,0.0,,,,,,,98,hitl
171,2026-07-16 00:45,retail_1,retail,0,,,,,,,,102.9,30.0,0.0,0.0,2.8,15.738,98,hitl
172,2026-07-16 01:00,supplier_1,supplier,0,709.23,,,,,,,,,,,,,98,hitl
172,2026-07-16 01:00,farm_1,farm,1,,515.0,0.088,,,,,,,,,,,98,hitl
172,2026-07-16 01:00,slaughterhouse_1,slaughterhouse,0,,,,347.99,400.0,,,,,,,,,98,hitl
172,2026-07-16 01:00,wholesaler_1,wholesaler,0,,,,,,170.98,0.0,,,,,,,98,hitl
172,2026-07-16 01:00,retail_1,retail,0,,,,,,,,102.23,30.0,0.0,0.0,2.8,15.738,98,hitl
173,2026-07-16 01:15,supplier_1,supplier,0,708.72,,,,,,,,,,,,,98,hitl
173,2026-07-16 01:15,farm_1,farm,1,,515.0,0.088,,,,,,,,,,,98,hitl
173,2026-07-16 01:15,slaughterhouse_1,slaughterhouse,0,,,,347.99,400.0,,,,,,,,,98,hitl
173,2026-07-16 01:15,wholesaler_1,wholesaler,0,,,,,,169.03,0.0,,,,,,,98,hitl
173,2026-07-16 01:15,retail_1,retail,0,,,,,,,,104.26,30.0,0.0,0.0,2.8,15.738,98,hitl
174,2026-07-16 01:30,supplier_1,supplier,0,708.0,,,,,,,,,,,,,98,hitl
174,2026-07-16 01:30,farm_1,farm,1,,515.0,0.088,,,,,,,,,,,98,hitl
174,2026-07-16 01:30,slaughterhouse_1,slaughterhouse,0,,,,347.99,400.0,,,,,,,,,98,hitl
174,2026-07-16 01:30,wholesaler_1,wholesaler,0,,,,,,167.38,0.0,,,,,,,98,hitl
174,2026-07-16 01:30,retail_1,retail,0,,,,,,,,103.52,30.0,0.0,0.0,2.8,15.738,98,hitl
175,2026-07-16 01:45,supplier_1,supplier,0,707.35,,,,,,,,,,,,,98,hitl
175,2026-07-16 01:45,farm_1,farm,1,,515.0,0.088,,,,,,,,,,,98,hitl
175,2026-07-16 01:45,slaughterhouse_1,slaughterhouse,0,,,,347.99,400.0,,,,,,,,,98,hitl
175,2026-07-16 01:45,wholesaler_1,wholesaler,0,,,,,,165.27,0.0,,,,,,,98,hitl
175,2026-07-16 01:45,retail_1,retail,0,,,,,,,,102.86,30.0,0.0,0.0,2.8,15.738,98,hitl
176,2026-07-16 02:00,supplier_1,supplier,0,706.75,,,,,,,,,,,,,98,hitl
176,2026-07-16 02:00,farm_1,farm,1,,515.0,0.088,,,,,,,,,,,98,hitl
176,2026-07-16 02:00,slaughterhouse_1,slaughterhouse,0,,,,347.99,376.0,,,,,,,,,98,hitl
176,2026-07-16 02:00,wholesaler_1,wholesaler,0,,,,,,160.2,0.0,,,,,,,98,hitl
176,2026-07-16 02:00,retail_1,retail,0,,,,,,,,102.23,30.0,0.0,0.0,2.8,15.738,98,hitl
177,2026-07-16 02:15,supplier_1,supplier,0,705.56,,,,,,,,,,,,,98,hitl
177,2026-07-16 02:15,farm_1,farm,1,,515.0,0.088,,,,,,,,,,,98,hitl
177,2026-07-16 02:15,slaughterhouse_1,slaughterhouse,0,,,,347.99,385.14,,,,,,,,,98,hitl
177,2026-07-16 02:15,wholesaler_1,wholesaler,0,,,,,,181.99,0.0,,,,,,,98,hitl
177,2026-07-16 02:15,retail_1,retail,0,,,,,,,,104.29,30.0,0.0,0.0,2.8,15.738,98,hitl
178,2026-07-16 02:30,supplier_1,supplier,0,704.33,,,,,,,,,,,,,98,hitl
178,2026-07-16 02:30,farm_1,farm,1,,515.0,0.088,,,,,,,,,,,98,hitl
178,2026-07-16 02:30,slaughterhouse_1,slaughterhouse,0,,,,347.99,394.06,,,,,,,,,98,hitl
178,2026-07-16 02:30,wholesaler_1,wholesaler,0,,,,,,179.11,0.0,,,,,,,98,hitl
178,2026-07-16 02:30,retail_1,retail,0,,,,,,,,103.66,30.0,0.0,0.0,2.8,15.738,98,hitl
179,2026-07-16 02:45,supplier_1,supplier,0,703.68,,,,,,,,,,,,,98,hitl
179,2026-07-16 02:45,farm_1,farm,1,,515.0,0.088,,,,,,,,,,,98,hitl
179,2026-07-16 02:45,slaughterhouse_1,slaughterhouse,0,,,,347.99,400.0,,,,,,,,,98,hitl
179,2026-07-16 02:45,wholesaler_1,wholesaler,0,,,,,,177.59,0.0,,,,,,,98,hitl
179,2026-07-16 02:45,retail_1,retail,0,,,,,,,,103.0,30.0,0.0,0.0,2.8,15.738,98,hitl
180,2026-07-16 03:00,supplier_1,supplier,0,702.3,,,,,,,,,,,,,98,hitl
180,2026-07-16 03:00,farm_1,farm,1,,515.0,0.088,,,,,,,,,,,98,hitl
180,2026-07-16 03:00,slaughterhouse_1,slaughterhouse,0,,,,347.99,400.0,,,,,,,,,98,hitl
180,2026-07-16 03:00,wholesaler_1,wholesaler,0,,,,,,172.27,0.0,,,,,,,98,hitl
180,2026-07-16 03:00,retail_1,retail,0,,,,,,,,102.38,30.0,0.0,0.0,2.8,15.738,98,hitl
181,2026-07-16 03:15,supplier_1,supplier,0,701.72,,,,,,,,,,,,,98,hitl
181,2026-07-16 03:15,farm_1,farm,1,,515.0,0.088,,,,,,,,,,,98,hitl
181,2026-07-16 03:15,slaughterhouse_1,slaughterhouse,0,,,,347.99,400.0,,,,,,,,,98,hitl
181,2026-07-16 03:15,wholesaler_1,wholesaler,0,,,,,,170.41,0.0,,,,,,,98,hitl
181,2026-07-16 03:15,retail_1,retail,0,,,,,,,,104.27,30.0,0.0,0.0,2.8,15.738,98,hitl
182,2026-07-16 03:30,supplier_1,supplier,0,700.64,,,,,,,,,,,,,98,hitl
182,2026-07-16 03:30,farm_1,farm,0,,620.0,0.036,,,,,,,,,,,98,hitl
182,2026-07-16 03:30,slaughterhouse_1,slaughterhouse,0,,,,347.99,400.0,,,,,,,,,98,hitl
182,2026-07-16 03:30,wholesaler_1,wholesaler,0,,,,,,168.7,0.0,,,,,,,98,hitl
182,2026-07-16 03:30,retail_1,retail,0,,,,,,,,103.5,30.0,0.0,0.0,2.8,15.738,98,hitl
183,2026-07-16 03:45,supplier_1,supplier,0,699.15,,,,,,,,,,,,,98,hitl
183,2026-07-16 03:45,farm_1,farm,0,,620.0,0.036,,,,,,,,,,,98,hitl
183,2026-07-16 03:45,slaughterhouse_1,slaughterhouse,0,,,,347.99,400.0,,,,,,,,,98,hitl
183,2026-07-16 03:45,wholesaler_1,wholesaler,0,,,,,,166.93,0.0,,,,,,,98,hitl
183,2026-07-16 03:45,retail_1,retail,0,,,,,,,,102.72,30.0,0.0,0.0,2.8,15.738,98,hitl
184,2026-07-16 04:00,supplier_1,supplier,0,698.57,,,,,,,,,,,,,98,hitl
184,2026-07-16 04:00,farm_1,farm,0,,620.0,0.036,,,,,,,,,,,98,hitl
184,2026-07-16 04:00,slaughterhouse_1,slaughterhouse,0,,,,347.99,376.0,,,,,,,,,98,hitl
184,2026-07-16 04:00,wholesaler_1,wholesaler,0,,,,,,161.89,0.0,,,,,,,98,hitl
184,2026-07-16 04:00,retail_1,retail,0,,,,,,,,101.97,30.0,0.0,0.0,2.8,15.738,98,hitl
185,2026-07-16 04:15,supplier_1,supplier,0,697.37,,,,,,,,,,,,,98,hitl
185,2026-07-16 04:15,farm_1,farm,0,,620.0,0.036,,,,,,,,,,,98,hitl
185,2026-07-16 04:15,slaughterhouse_1,slaughterhouse,0,,,,347.99,385.28,,,,,,,,,98,hitl
185,2026-07-16 04:15,wholesaler_1,wholesaler,0,,,,,,183.53,0.0,,,,,,,98,hitl
185,2026-07-16 04:15,retail_1,retail,0,,,,,,,,104.34,30.0,0.0,0.0,2.8,15.738,98,hitl
186,2026-07-16 04:30,supplier_1,supplier,0,696.74,,,,,,,,,,,,,98,hitl
186,2026-07-16 04:30,farm_1,farm,0,,620.0,0.036,,,,,,,,,,,98,hitl
186,2026-07-16 04:30,slaughterhouse_1,slaughterhouse,0,,,,347.99,395.16,,,,,,,,,98,hitl
186,2026-07-16 04:30,wholesaler_1,wholesaler,0,,,,,,180.75,0.0,,,,,,,98,hitl
186,2026-07-16 04:30,retail_1,retail,0,,,,,,,,103.69,30.0,0.0,0.0,2.8,15.738,98,hitl
187,2026-07-16 04:45,supplier_1,supplier,0,695.29,,,,,,,,,,,,,98,hitl
187,2026-07-16 04:45,farm_1,farm,0,,620.0,0.036,,,,,,,,,,,98,hitl
187,2026-07-16 04:45,slaughterhouse_1,slaughterhouse,0,,,,347.99,400.0,,,,,,,,,98,hitl
187,2026-07-16 04:45,wholesaler_1,wholesaler,0,,,,,,178.68,0.0,,,,,,,98,hitl
187,2026-07-16 04:45,retail_1,retail,0,,,,,,,,102.92,30.0,0.0,0.0,2.8,15.738,98,hitl
188,2026-07-16 05:00,supplier_1,supplier,0,694.12,,,,,,,,,,,,,98,hitl
188,2026-07-16 05:00,farm_1,farm,0,,620.0,0.036,,,,,,,,,,,98,hitl
188,2026-07-16 05:00,slaughterhouse_1,slaughterhouse,0,,,,347.99,400.0,,,,,,,,,98,hitl
188,2026-07-16 05:00,wholesaler_1,wholesaler,0,,,,,,173.09,0.0,,,,,,,98,hitl
188,2026-07-16 05:00,retail_1,retail,0,,,,,,,,102.19,30.0,0.0,0.0,2.8,15.738,98,hitl
189,2026-07-16 05:15,supplier_1,supplier,0,693.61,,,,,,,,,,,,,98,hitl
189,2026-07-16 05:15,farm_1,farm,0,,620.0,0.036,,,,,,,,,,,98,hitl
189,2026-07-16 05:15,slaughterhouse_1,slaughterhouse,0,,,,347.99,400.0,,,,,,,,,98,hitl
189,2026-07-16 05:15,wholesaler_1,wholesaler,0,,,,,,171.26,0.0,,,,,,,98,hitl
189,2026-07-16 05:15,retail_1,retail,0,,,,,,,,104.25,30.0,0.0,0.0,2.8,15.738,98,hitl
190,2026-07-16 05:30,supplier_1,supplier,0,692.89,,,,,,,,,,,,,98,hitl
190,2026-07-16 05:30,farm_1,farm,0,,620.0,0.036,,,,,,,,,,,98,hitl
190,2026-07-16 05:30,slaughterhouse_1,slaughterhouse,0,,,,347.99,400.0,,,,,,,,,98,hitl
190,2026-07-16 05:30,wholesaler_1,wholesaler,0,,,,,,169.42,0.0,,,,,,,98,hitl
190,2026-07-16 05:30,retail_1,retail,0,,,,,,,,103.61,30.0,0.0,0.0,2.8,15.738,98,hitl
191,2026-07-16 05:45,supplier_1,supplier,0,691.61,,,,,,,,,,,,,98,hitl
191,2026-07-16 05:45,farm_1,farm,0,,620.0,0.036,,,,,,,,,,,98,hitl
191,2026-07-16 05:45,slaughterhouse_1,slaughterhouse,0,,,,347.99,400.0,,,,,,,,,98,hitl
191,2026-07-16 05:45,wholesaler_1,wholesaler,0,,,,,,167.49,0.0,,,,,,,98,hitl
191,2026-07-16 05:45,retail_1,retail,0,,,,,,,,102.95,30.0,0.0,0.0,2.8,15.738,98,hitl
