tick,timestamp,tier,rule_id,urgency,urgency_reason,global_pattern,disrupted_nodes,decision,response_time,modification_factor,n_instructions,instructions_summary,rationale,scenario_id
36,2026-01-15 15:00,farm,R4,normal,Gangguan lokal di Farm masih dapat diredam,0|1|0|0|0,farm,modify,1.097,0.723,1,outgoing_orders ×0.80,Farm Manager memodifikasi instruksi (faktor=0.72) — pendekatan lebih konservatif,8
36,2026-01-15 15:00,slaughterhouse,R4,normal,Gangguan lokal di Farm masih dapat diredam,0|1|0|0|0,farm,modify,0.221,0.911,1,processing_capacity ×0.80,Operations Manager memodifikasi instruksi (faktor=0.91) — pendekatan lebih konservatif,8
36,2026-01-15 15:00,retail,R4,normal,Gangguan lokal di Farm masih dapat diredam,0|1|0|0|0,farm,accept,0.324,1.0,1,reorder_request +20,"Store Manager menerima rekomendasi coordinator (R4, urgency=normal)",8
72,2026-01-16 00:00,slaughterhouse,R9,high,Gangguan distribusi berdampak langsung pada ketersediaan Retail,0|0|0|1|1,wholesaler|retail,modify,0.415,0.911,1,output_stock ×1.15,Operations Manager memodifikasi instruksi (faktor=0.91) — pendekatan lebih konservatif,8
72,2026-01-16 00:00,wholesaler,R9,high,Gangguan distribusi berdampak langsung pada ketersediaan Retail,0|0|0|1|1,wholesaler|retail,modify,0.875,0.843,2,inventory_level ×1.00; pending_shipments ×0.50,Distribution Manager memodifikasi instruksi (faktor=0.84) — pendekatan lebih konservatif,8
72,2026-01-16 00:00,retail,R9,high,Gangguan distribusi berdampak langsung pada ketersediaan Retail,0|0|0|1|1,wholesaler|retail,accept,0.244,1.0,2,reorder_request +30; safety_stock ×1.10,"Store Manager menerima rekomendasi coordinator (R9, urgency=high)",8
144,2026-01-16 18:00,slaughterhouse,R9,high,Gangguan distribusi berdampak langsung pada ketersediaan Retail,0|0|0|1|1,wholesaler|retail,modify,0.303,0.931,1,output_stock ×1.15,Operations Manager memodifikasi instruksi (faktor=0.93) — pendekatan lebih konservatif,8
144,2026-01-16 18:00,wholesaler,R9,high,Gangguan distribusi berdampak langsung pada ketersediaan Retail,0|0|0|1|1,wholesaler|retail,accept,0.751,1.0,2,inventory_level ×1.00; pending_shipments ×0.50,"Distribution Manager menerima rekomendasi coordinator (R9, urgency=high)",8
144,2026-01-16 18:00,retail,R9,high,Gangguan distribusi berdampak langsung pada ketersediaan Retail,0|0|0|1|1,wholesaler|retail,accept,0.256,1.0,2,reorder_request +30; safety_stock ×1.10,"Store Manager menerima rekomendasi coordinator (R9, urgency=high)",8
216,2026-01-17 12:00,slaughterhouse,R9,high,Gangguan distribusi berdampak langsung pada ketersediaan Retail,0|0|0|1|1,wholesaler|retail,accept,0.213,1.0,1,output_stock ×1.15,"Operations Manager menerima rekomendasi coordinator (R9, urgency=high)",8
216,2026-01-17 12:00,wholesaler,R9,high,Gangguan distribusi berdampak langsung pada ketersediaan Retail,0|0|0|1|1,wholesaler|retail,timeout,1.877,1.0,2,inventory_level ×1.00; pending_shipments ×0.50,Distribution Manager tidak merespons dalam 1.5h → auto-accept,8
216,2026-01-17 12:00,retail,R9,high,Gangguan distribusi berdampak langsung pada ketersediaan Retail,0|0|0|1|1,wholesaler|retail,accept,0.194,1.0,2,reorder_request +30; safety_stock ×1.10,"Store Manager menerima rekomendasi coordinator (R9, urgency=high)",8
288,2026-01-18 06:00,slaughterhouse,R9,high,Gangguan distribusi berdampak langsung pada ketersediaan Retail,0|0|0|1|1,wholesaler|retail,accept,0.58,1.0,1,output_stock ×1.15,"Operations Manager menerima rekomendasi coordinator (R9, urgency=high)",8
288,2026-01-18 06:00,wholesaler,R9,high,Gangguan distribusi berdampak langsung pada ketersediaan Retail,0|0|0|1|1,wholesaler|retail,accept,1.306,1.0,2,inventory_level ×1.00; pending_shipments ×0.50,"Distribution Manager menerima rekomendasi coordinator (R9, urgency=high)",8
288,2026-01-18 06:00,retail,R9,high,Gangguan distribusi berdampak langsung pada ketersediaan Retail,0|0|0|1|1,wholesaler|retail,accept,0.22,1.0,2,reorder_request +30; safety_stock ×1.10,"Store Manager menerima rekomendasi coordinator (R9, urgency=high)",8
320,2026-01-18 14:00,slaughterhouse,R9,high,Gangguan distribusi berdampak langsung pada ketersediaan Retail,0|0|0|1|1,wholesaler|retail,accept,0.379,1.0,1,output_stock ×1.15,"Operations Manager menerima rekomendasi coordinator (R9, urgency=high)",8
320,2026-01-18 14:00,wholesaler,R9,high,Gangguan distribusi berdampak langsung pada ketersediaan Retail,0|0|0|1|1,wholesaler|retail,accept,0.346,1.0,2,inventory_level ×1.00; pending_shipments ×0.50,"Distribution Manager menerima rekomendasi coordinator (R9, urgency=high)",8
320,2026-01-18 14:00,retail,R9,high,Gangguan distribusi berdampak langsung pada ketersediaan Retail,0|0|0|1|1,wholesaler|retail,accept,0.089,1.0,2,reorder_request +30; safety_stock ×1.10,"Store Manager menerima rekomendasi coordinator (R9, urgency=high)",8
360,2026-01-19 00:00,slaughterhouse,R9,high,Gangguan distribusi berdampak langsung pada ketersediaan Retail,0|0|0|1|1,wholesaler|retail,accept,0.792,1.0,1,output_stock ×1.15,"Operations Manager menerima rekomendasi coordinator (R9, urgency=high)",8
360,2026-01-19 00:00,wholesaler,R9,high,Gangguan distribusi berdampak langsung pada ketersediaan Retail,0|0|0|1|1,wholesaler|retail,modify,0.729,0.973,2,inventory_level ×1.00; pending_shipments ×0.50,Distribution Manager memodifikasi instruksi (faktor=0.97) — pendekatan lebih konservatif,8
360,2026-01-19 00:00,retail,R9,high,Gangguan distribusi berdampak langsung pada ketersediaan Retail,0|0|0|1|1,wholesaler|retail,modify,0.134,0.636,2,reorder_request +30; safety_stock ×1.10,Store Manager memodifikasi instruksi (faktor=0.64) — pendekatan lebih konservatif,8
