log_id,timestamp,supplier,farm,slaughterhouse,wholesaler,retail,matched_rule,orchestrator_decision,urgency_level,justification,report_type,scenario_id,mode
L001,2026-03-22 15:00,0,1,0,0,0,R4,Potential Disruption,normal,Gangguan lokal di Farm masih dapat diredam,DisruptionReport,41,hitl
L002,2026-03-22 18:00,0,1,0,0,1,R1,Not Disruption,normal,Tidak ada entitas yang mengalami gangguan,DisruptionReport,41,hitl
L003,2026-03-23 00:00,0,0,0,0,1,R14,Potential Disruption,normal,Gangguan di Retail belum menjalar ke upstream,RecoveryReport,41,hitl
L004,2026-03-23 00:00,0,0,0,1,1,R9,Disruption,high,Gangguan distribusi berdampak langsung pada ketersediaan Retail,DisruptionReport,41,hitl
L005,2026-03-23 09:00,0,1,0,1,1,R1,Not Disruption,normal,Tidak ada entitas yang mengalami gangguan,DisruptionReport,41,hitl
L006,2026-03-23 18:00,0,0,0,1,1,R9,Disruption,high,Gangguan distribusi berdampak langsung pada ketersediaan Retail,RecoveryReport,41,hitl
L007,2026-03-24 03:00,0,1,0,1,1,R1,Not Disruption,normal,Tidak ada entitas yang mengalami gangguan,DisruptionReport,41,hitl
L008,2026-03-24 12:00,0,0,0,1,1,R9,Disruption,high,Gangguan distribusi berdampak langsung pada ketersediaan Retail,RecoveryReport,41,hitl
L009,2026-03-24 21:00,0,1,0,1,1,R1,Not Disruption,normal,Tidak ada entitas yang mengalami gangguan,DisruptionReport,41,hitl
